Customer ID,recency,frequency,monetary,r_score,f_score,m_score,rfm_score,segment
18102,8,49,169915.97000000012,5,5,5,555,Champions
14646,4,37,129156.14999999967,5,5,5,555,Champions
14156,2,52,115522.98999999964,5,5,5,555,Champions
13694,2,77,103783.39000000012,5,5,5,555,Champions
14911,1,91,69649.53999999979,5,5,5,555,Champions
16754,2,24,46631.47000000001,5,5,5,555,Champions
17511,23,13,42099.839999999975,4,5,5,455,Champions
15311,17,75,37842.28999999996,4,5,5,455,Champions
17949,0,51,35834.16,5,5,5,555,Champions
15061,16,39,34763.97999999998,5,5,5,555,Champions
13902,106,5,34095.26,2,5,5,255,At Risk
16684,2,15,30686.880000000005,5,5,5,555,Champions
16029,9,27,26916.88,5,5,5,555,Champions
17850,72,61,26470.40000000001,2,5,5,255,At Risk
13089,2,54,25767.700000000037,5,5,5,555,Champions
12482,50,29,23691.39999999998,3,5,5,355,Loyal Customers
17940,45,5,22579.35,3,5,5,355,Loyal Customers
14298,21,19,22315.66999999998,4,5,5,455,Champions
12931,24,24,19622.66,4,5,5,455,Champions
14680,9,31,19037.6,5,5,5,555,Champions
16779,0,23,18296.47000000002,5,5,5,555,Champions
13798,3,30,18208.07,5,5,5,555,Champions
17920,18,29,17982.52000000004,4,5,5,455,Champions
17841,0,54,17725.300000000145,5,5,5,555,Champions
15769,3,10,17466.0,5,5,5,555,Champions
13093,8,20,17020.320000000036,5,5,5,555,Champions
13081,1,9,16999.240000000056,5,5,5,555,Champions
14527,1,43,15691.460000000076,5,5,5,555,Champions
18008,3,10,15115.49,5,5,5,555,Champions
15768,7,28,14695.889999999994,5,5,5,555,Champions
17448,3,44,14526.96999999998,5,5,5,555,Champions
13408,21,27,14311.101999999995,4,5,5,455,Champions
12709,16,12,13927.749999999996,5,5,5,555,Champions
15760,105,2,13916.34,2,3,5,235,At Risk
16705,27,14,13303.240999999998,4,5,5,455,Champions
14258,15,9,12053.280000000006,5,5,5,555,Champions
14031,15,14,11854.10999999999,5,5,5,555,Champions
13802,5,10,11332.329999999996,5,5,5,555,Champions
16422,6,23,11185.189999999991,5,5,5,555,Champions
12918,100,1,10953.5,2,1,5,215,Lost
14606,2,54,10878.569999999996,5,5,5,555,Champions
18052,39,1,10877.18,3,1,5,315,Needs Attention
13881,22,8,10814.119999999995,4,5,5,455,Champions
18251,85,4,10724.67,2,4,5,245,At Risk
12471,3,28,10705.829999999994,5,5,5,555,Champions
14028,24,3,10396.5,4,4,5,445,Champions
17677,18,14,10390.940000000004,4,5,5,455,Champions
12921,0,18,10305.94,5,5,5,555,Champions
13777,19,15,10203.860000000006,4,5,5,455,Champions
15808,2,12,9573.910000000003,5,5,5,555,Champions
14091,128,2,9530.079999999998,1,3,5,135,At Risk
14063,161,7,9471.5,1,5,5,155,At Risk
12647,3,17,9140.410000000003,5,5,5,555,Champions
17675,23,23,9017.420000000004,4,5,5,455,Champions
12678,57,3,8874.669999999998,3,4,5,345,Loyal Customers
12681,14,14,8536.499999999998,5,5,5,555,Champions
13078,2,17,8510.220000000003,5,5,5,555,Champions
14160,84,7,8421.470000000001,2,5,5,255,At Risk
17865,22,13,8394.070000000002,4,5,5,455,Champions
15251,2,8,8388.750000000002,5,5,5,555,Champions
15856,20,12,8381.030000000002,4,5,5,455,Champions
13001,2,11,8251.910000000002,5,5,5,555,Champions
16525,8,15,8192.699999999995,5,5,5,555,Champions
17381,22,1,8141.14,4,1,5,415,New Customers
17133,24,4,8079.85,4,4,5,445,Champions
17243,5,26,7888.629999999983,5,5,5,555,Champions
12748,8,49,7609.33999999998,5,5,5,555,Champions
13206,38,11,7533.039999999995,3,5,5,355,Loyal Customers
14607,11,7,7403.129999999998,5,5,5,555,Champions
14895,14,10,7339.590000000003,5,5,5,555,Champions
17428,52,6,7305.859999999999,3,5,5,355,Loyal Customers
13767,21,16,7260.349999999994,4,5,5,455,Champions
17377,3,36,7230.829999999979,5,5,5,555,Champions
12682,3,13,7094.619999999999,5,5,5,555,Champions
13225,14,6,7034.67,5,5,5,555,Champions
12409,23,2,7013.679999999999,4,3,5,435,Loyal Customers
13340,95,3,6986.059999999997,2,4,5,245,At Risk
15498,0,7,6931.11,5,5,5,555,Champions
15523,4,10,6900.719999999997,5,5,5,555,Champions
15039,1,21,6831.170000000004,5,5,5,555,Champions
15413,166,5,6798.719999999999,1,5,5,155,At Risk
14543,8,12,6788.699999999997,5,5,5,555,Champions
17404,77,4,6776.1100000000015,2,4,5,245,At Risk
13162,18,9,6628.7999999999965,4,5,5,455,Champions
13952,43,7,6577.13,3,5,5,355,Loyal Customers
14062,50,5,6533.780000000001,3,5,5,355,Loyal Customers
13564,6,17,6400.439999999996,5,5,5,555,Champions
17230,38,10,6286.540000000001,3,5,5,355,Loyal Customers
16746,4,14,6177.849999999999,5,5,5,555,Champions
14134,21,10,6158.559999999997,4,5,5,455,Champions
17716,22,6,6149.199999999999,4,5,5,455,Champions
13935,71,3,6116.92,2,4,5,245,At Risk
13319,1,19,6099.629999999996,5,5,5,555,Champions
12472,17,8,6098.77,4,5,5,455,Champions
12758,23,4,6015.699999999999,4,4,5,445,Champions
15615,2,13,6013.2899999999945,5,5,5,555,Champions
14439,42,3,6001.74,3,4,5,345,Loyal Customers
15640,24,9,5906.189999999997,4,5,5,455,Champions
12714,1,5,5883.879999999999,5,5,5,555,Champions
12380,2,6,5814.650000000001,5,5,5,555,Champions
15738,8,17,5798.2300000000005,5,5,5,555,Champions
16210,65,11,5733.039999999999,3,5,5,355,Loyal Customers
15601,21,12,5706.839999999981,4,5,5,455,Champions
17589,19,6,5668.199999999993,4,5,5,455,Champions
13680,120,6,5643.629999999992,1,5,5,155,At Risk
17416,25,6,5589.980000000001,4,5,5,455,Champions
14299,1,11,5512.079999999993,5,5,5,555,Champions
16656,22,7,5499.140000000002,4,5,5,455,Champions
13027,2,8,5484.0,5,5,5,555,Champions
17389,2,10,5476.339999999999,5,5,5,555,Champions
15291,53,16,5432.010000000002,3,5,5,355,Loyal Customers
15513,19,10,5368.769999999996,4,5,5,455,Champions
16843,24,10,5323.23,4,5,5,455,Champions
14667,14,15,5315.200000000003,5,5,5,555,Champions
12949,73,8,5276.510000000001,2,5,5,255,At Risk
14040,2,14,5241.999999999999,5,5,5,555,Champions
13097,2,13,5211.509999999997,5,5,5,555,Champions
13178,24,6,5188.719999999999,4,5,5,455,Champions
12835,7,34,5154.009999999989,5,5,5,555,Champions
14952,23,13,5150.4,4,5,5,455,Champions
12539,190,2,5149.06,1,3,5,135,At Risk
16013,37,15,5081.12,4,5,5,455,Champions
17364,4,11,5046.139999999996,5,5,5,555,Champions
12437,8,10,5022.279999999999,5,5,5,555,Champions
17139,16,8,4945.060000000002,5,5,5,555,Champions
14110,3,15,4907.909999999996,5,5,5,555,Champions
14849,22,11,4880.639999999997,4,5,5,455,Champions
15093,17,6,4845.939999999998,4,5,5,455,Champions
16327,15,7,4796.869999999994,5,5,5,555,Champions
15044,16,9,4779.350000000002,5,5,5,555,Champions
16652,26,3,4762.159999999999,4,4,5,445,Champions
14828,42,5,4748.16,3,5,5,355,Loyal Customers
14961,30,5,4697.919999999996,4,5,5,455,Champions
12957,16,5,4689.43,5,5,5,555,Champions
12540,15,11,4689.209999999999,5,5,5,555,Champions
15125,7,7,4687.470000000001,5,5,5,555,Champions
14685,50,8,4619.790000000001,3,5,5,355,Loyal Customers
14045,4,7,4518.879999999999,5,5,5,555,Champions
12668,42,4,4502.350000000001,3,4,5,345,Loyal Customers
16131,71,2,4499.94,2,3,5,235,At Risk
18223,31,7,4493.729999999998,4,5,5,455,Champions
12477,4,2,4485.859999999998,5,3,5,535,Loyal Customers
18092,50,5,4481.600000000002,3,5,5,355,Loyal Customers
14739,29,10,4387.800000000002,4,5,5,455,Champions
16749,65,2,4387.08,3,3,5,335,Loyal Customers
15005,2,17,4380.169999999991,5,5,5,555,Champions
16118,127,1,4376.249999999999,1,1,5,115,Lost
14194,24,10,4371.939999999999,4,5,5,455,Champions
14249,25,9,4360.690999999997,4,5,5,455,Champions
17581,21,15,4323.019999999997,4,5,5,455,Champions
15078,3,11,4299.409999999998,5,5,5,555,Champions
16550,16,9,4284.869999999996,5,5,5,555,Champions
16019,95,8,4264.32,2,5,5,255,At Risk
18172,20,11,4250.040000000001,4,5,5,455,Champions
16713,21,10,4207.799999999996,4,5,5,455,Champions
15633,18,12,4164.5099999999975,4,5,5,455,Champions
15179,1,6,4084.730000000001,5,5,5,555,Champions
13013,18,8,4074.239999999998,4,5,5,455,Champions
14505,4,9,3974.1599999999967,5,5,5,555,Champions
16984,24,4,3948.519999999992,4,4,5,445,Champions
13174,41,6,3928.379999999997,3,5,5,355,Loyal Customers
13468,18,18,3909.200000000005,4,5,5,455,Champions
17138,6,5,3891.87,5,5,5,555,Champions
14016,78,4,3881.219999999999,2,4,5,245,At Risk
15823,203,2,3867.169999999997,1,3,5,135,At Risk
17157,11,14,3862.340000000001,5,5,5,555,Champions
17858,21,8,3850.9700000000007,4,5,5,455,Champions
12980,4,6,3837.480000000001,5,5,5,555,Champions
15622,25,7,3829.149999999998,4,5,5,455,Champions
15497,51,5,3816.01,3,5,5,355,Loyal Customers
15382,56,3,3766.729999999999,3,4,5,345,Loyal Customers
17146,1,6,3723.5700000000006,5,5,5,555,Champions
13941,19,7,3703.54,4,5,5,455,Champions
14426,2,4,3701.2200000000007,5,4,5,545,Champions
16873,33,3,3687.0300000000016,4,4,5,445,Champions
13758,64,5,3682.169999999999,3,5,5,355,Loyal Customers
18231,1,18,3681.970000000001,5,5,5,555,Champions
13735,1,6,3671.9300000000007,5,5,5,555,Champions
15867,15,12,3662.7,5,5,5,555,Champions
12557,20,2,3661.2,4,3,5,435,Loyal Customers
13004,18,11,3645.52,4,5,5,455,Champions
15218,2,7,3626.459999999999,5,5,5,555,Champions
14049,2,3,3613.949999999998,5,4,5,545,Champions
16709,18,5,3544.1899999999987,4,5,5,455,Champions
14459,125,1,3537.820999999999,1,1,5,115,Lost
14648,7,11,3529.4099999999994,5,5,5,555,Champions
15358,17,8,3524.529999999997,4,5,5,455,Champions
13199,7,15,3517.11,5,5,5,555,Champions
15984,14,13,3480.6599999999985,5,5,5,555,Champions
12843,12,13,3478.0800000000004,5,5,5,555,Champions
16200,25,8,3476.319999999999,4,5,5,455,Champions
15270,92,8,3471.72,2,5,5,255,At Risk
13044,37,8,3460.8500000000004,4,5,5,455,Champions
15998,5,7,3447.319999999997,5,5,5,555,Champions
12510,98,6,3414.2299999999987,2,5,5,255,At Risk
14735,3,13,3395.769999999999,5,5,5,555,Champions
16067,37,3,3395.2900000000004,4,4,5,445,Champions
15555,11,10,3394.190000000001,5,5,5,555,Champions
13999,6,10,3378.489999999999,5,5,5,555,Champions
12621,12,5,3372.24,5,5,5,555,Champions
15538,12,6,3358.4,5,5,5,555,Champions
16814,2,7,3350.760000000002,5,5,5,555,Champions
13141,10,8,3349.24,5,5,5,555,Champions
12731,18,3,3341.100000000001,4,4,5,445,Champions
12989,31,11,3340.14,4,5,5,455,Champions
15874,44,8,3316.51,3,5,5,355,Loyal Customers
15296,45,2,3312.589999999999,3,3,5,335,Loyal Customers
14051,22,7,3312.52,4,5,5,455,Champions
12481,81,2,3275.600000000001,2,3,5,235,At Risk
17107,28,2,3271.7699999999995,4,3,5,435,Loyal Customers
17409,38,5,3260.02,3,5,5,355,Loyal Customers
13327,13,7,3242.749999999998,5,5,5,555,Champions
17593,11,5,3235.9700000000003,5,5,5,555,Champions
12583,28,6,3235.450000000001,4,5,5,455,Champions
14030,70,7,3213.079999999994,2,5,5,255,At Risk
17044,44,4,3207.979999999999,3,4,5,345,Loyal Customers
14025,3,5,3175.9800000000005,5,5,5,555,Champions
17160,15,6,3163.339999999997,5,5,5,555,Champions
13446,2,9,3156.53,5,5,5,555,Champions
15719,15,11,3137.4999999999945,5,5,5,555,Champions
17340,46,3,3134.239999999999,3,4,5,345,Loyal Customers
15674,7,5,3132.49,5,5,5,555,Champions
14081,72,7,3099.429999999996,2,5,5,255,At Risk
13771,7,5,3094.3699999999994,5,5,5,555,Champions
13715,3,6,3092.380000000001,5,5,5,555,Champions
15544,3,8,3089.0299999999997,5,5,5,555,Champions
13394,2,8,3085.16,5,5,5,555,Champions
13831,3,10,3076.870000000002,5,5,5,555,Champions
14422,2,8,3050.5700000000006,5,5,5,555,Champions
13047,29,7,3047.22,4,5,5,455,Champions
16556,2,6,3013.239999999999,5,5,5,555,Champions
15321,38,8,3005.909999999999,3,5,5,355,Loyal Customers
17032,22,8,3004.5999999999995,4,5,5,455,Champions
14085,15,9,2991.6699999999964,5,5,5,555,Champions
16985,42,6,2986.119999999999,3,5,5,355,Loyal Customers
15260,5,13,2958.940000000001,5,5,5,555,Champions
15981,7,6,2941.84,5,5,5,555,Champions
12468,1,3,2941.200000000001,5,4,5,545,Champions
12455,51,3,2929.950000000001,3,4,5,345,Loyal Customers
13668,14,8,2928.770000000001,5,5,5,555,Champions
12422,3,8,2922.07,5,5,5,555,Champions
13599,35,6,2909.120000000001,4,5,5,455,Champions
16125,11,9,2908.1199999999994,5,5,5,555,Champions
13418,39,6,2904.729999999999,3,5,5,355,Loyal Customers
17809,18,5,2894.93,4,5,5,455,Champions
14135,22,5,2869.7600000000007,4,5,5,455,Champions
13050,7,8,2857.8299999999995,5,5,5,555,Champions
14560,39,13,2855.129999999999,3,5,5,355,Loyal Customers
13983,24,6,2854.9899999999984,4,5,5,455,Champions
14970,5,7,2854.7900000000004,5,5,5,555,Champions
12806,46,2,2843.959999999999,3,3,5,335,Loyal Customers
16986,36,8,2843.050000000001,4,5,5,455,Champions
15482,75,6,2842.4300000000007,2,5,5,255,At Risk
17965,6,9,2837.53,5,5,5,555,Champions
18061,20,12,2832.87,4,5,5,455,Champions
13148,41,7,2824.5199999999995,3,5,5,355,Loyal Customers
16467,10,6,2799.5599999999995,5,5,5,555,Champions
16335,26,7,2774.0,4,5,5,455,Champions
15547,5,6,2772.939999999999,5,5,5,555,Champions
17706,24,3,2768.71,4,4,5,445,Champions
13659,22,8,2768.6299999999987,4,5,5,455,Champions
13488,15,4,2763.18,5,4,5,545,Champions
17611,24,8,2755.070000000002,4,5,5,455,Champions
15023,14,6,2742.3400000000024,5,5,5,555,Champions
13448,43,4,2740.099999999999,3,4,5,345,Loyal Customers
13576,49,6,2736.8000000000006,3,5,5,355,Loyal Customers
15898,16,15,2736.7199999999907,5,5,5,555,Champions
13334,10,2,2726.9300000000007,5,3,5,535,Loyal Customers
12623,19,4,2719.7899999999995,4,4,5,445,Champions
14329,13,5,2709.22,5,5,5,555,Champions
17508,2,5,2708.91,5,5,5,555,Champions
14769,4,5,2689.099999999999,5,5,5,555,Champions
16954,18,6,2683.61,4,5,5,455,Champions
16126,14,6,2682.04,5,5,5,555,Champions
17576,3,12,2675.510000000001,5,5,5,555,Champions
17696,8,9,2671.48,5,5,5,555,Champions
14145,11,2,2669.85,5,3,5,535,Loyal Customers
16701,2,8,2667.1299999999983,5,5,5,555,Champions
13451,2,3,2653.82,5,4,5,545,Champions
12747,8,10,2649.79,5,5,5,555,Champions
18041,3,9,2649.6899999999982,5,5,5,555,Champions
17739,56,6,2637.429999999999,3,5,5,355,Loyal Customers
15570,22,6,2634.6400000000017,4,5,5,455,Champions
18194,15,4,2625.7000000000003,5,4,5,545,Champions
12671,80,1,2622.481,2,1,5,215,Lost
17231,18,10,2621.919999999996,4,5,5,455,Champions
16858,5,7,2618.26,5,5,5,555,Champions
14286,114,3,2613.0199999999995,2,4,5,245,At Risk
14755,23,9,2607.22,4,5,5,455,Champions
15144,5,4,2587.76,5,4,5,545,Champions
16258,5,4,2566.8699999999994,5,4,5,545,Champions
17457,21,5,2549.6,4,5,5,455,Champions
13426,14,6,2547.579999999998,5,5,5,555,Champions
12490,55,7,2547.170000000001,3,5,5,355,Loyal Customers
17400,55,3,2547.090000000001,3,4,5,345,Loyal Customers
15812,29,5,2531.9200000000005,4,5,5,455,Champions
12613,15,3,2530.6,5,4,5,545,Champions
13869,30,3,2526.010000000001,4,4,5,445,Champions
13542,5,11,2524.479999999999,5,5,5,555,Champions
16636,57,3,2506.79,3,4,5,345,Loyal Customers
13491,18,11,2496.1,4,5,5,455,Champions
18064,37,6,2495.67,4,5,5,455,Champions
14113,1,7,2490.8900000000003,5,5,5,555,Champions
16923,3,6,2488.369999999998,5,5,5,555,Champions
14709,23,7,2485.9700000000003,4,5,5,455,Champions
14415,26,4,2450.7500000000027,4,4,5,445,Champions
13267,53,7,2431.859999999999,3,5,5,355,Loyal Customers
15222,78,8,2420.6600000000003,2,5,5,255,At Risk
15372,135,4,2416.0799999999995,1,4,5,145,At Risk
15298,22,6,2413.28,4,5,5,455,Champions
12431,8,6,2409.2600000000007,5,5,5,555,Champions
17700,52,5,2404.2599999999998,3,5,5,355,Loyal Customers
16718,63,4,2400.03,3,4,5,345,Loyal Customers
16497,6,11,2392.2500000000005,5,5,5,555,Champions
16191,21,2,2380.08,4,3,5,435,Loyal Customers
16940,17,4,2360.3100000000004,4,4,5,445,Champions
18178,17,4,2350.94,4,4,5,445,Champions
17625,11,3,2349.619999999999,5,4,5,545,Champions
15755,2,7,2339.4300000000007,5,5,5,555,Champions
14590,1,15,2327.2700000000004,5,5,5,555,Champions
12415,2,1,2326.739999999999,5,1,5,515,New Customers
17113,48,6,2322.5900000000006,3,5,5,355,Loyal Customers
14938,36,2,2322.4299999999994,4,3,5,435,Loyal Customers
16710,12,8,2321.82,5,5,5,555,Champions
12643,28,3,2319.4,4,4,5,445,Champions
14465,19,6,2317.4100000000003,4,5,5,455,Champions
13357,35,3,2316.939999999999,4,4,5,445,Champions
17085,33,10,2314.0600000000018,4,5,5,455,Champions
16253,16,3,2309.3899999999994,5,4,5,545,Champions
14282,3,5,2308.4,5,5,5,555,Champions
16170,2,7,2306.59,5,5,5,555,Champions
13107,17,3,2304.59,4,4,5,445,Champions
13555,17,6,2304.09,4,5,5,455,Champions
16077,100,1,2300.4,2,1,5,215,Lost
14770,36,4,2292.74,4,4,5,445,Champions
16742,21,12,2292.6800000000003,4,5,5,455,Champions
17519,9,7,2290.780000000001,5,5,5,555,Champions
12683,50,4,2290.08,3,4,5,345,Loyal Customers
12524,100,3,2282.58,2,4,5,245,At Risk
18051,108,7,2282.28,2,5,5,255,At Risk
16168,3,16,2281.54,5,5,5,555,Champions
13562,2,4,2277.55,5,4,5,545,Champions
14395,34,6,2269.2499999999995,4,5,5,455,Champions
16553,98,6,2255.96,2,5,5,255,At Risk
12971,10,10,2253.5500000000006,5,5,5,555,Champions
13786,63,4,2253.24,3,4,5,345,Loyal Customers
12939,24,5,2250.0,4,5,5,455,Champions
13407,53,3,2244.7000000000007,3,4,5,345,Loyal Customers
13473,49,6,2235.120000000001,3,5,5,355,Loyal Customers
18087,79,8,2227.019999999999,2,5,5,255,At Risk
12633,0,1,2216.3899999999985,5,1,5,515,New Customers
15194,78,6,2214.99,2,5,5,255,At Risk
17799,14,7,2209.48,5,5,5,555,Champions
16700,39,6,2209.21,3,5,5,355,Loyal Customers
15950,29,3,2199.490000000001,4,4,5,445,Champions
18225,2,5,2199.41,5,5,5,555,Champions
12631,18,4,2198.55,4,4,5,445,Champions
13634,11,6,2197.61,5,5,5,555,Champions
16592,1,7,2195.3600000000006,5,5,5,555,Champions
12836,25,6,2189.1600000000008,4,5,5,455,Champions
14535,24,4,2184.2800000000016,4,4,5,445,Champions
13037,14,6,2182.64,5,5,5,555,Champions
16945,19,8,2180.730000000001,4,5,5,455,Champions
15980,30,2,2177.64,4,3,5,435,Loyal Customers
14210,23,5,2175.26,4,5,5,455,Champions
13214,2,4,2175.15,5,4,5,545,Champions
14514,24,4,2174.180000000002,4,4,5,445,Champions
15015,17,12,2173.1700000000005,4,5,5,455,Champions
18094,36,5,2172.9,4,5,5,455,Champions
13762,67,4,2165.76,3,4,5,345,Loyal Customers
13381,39,3,2164.470000000001,3,4,5,345,Loyal Customers
12839,52,7,2161.9800000000014,3,5,5,355,Loyal Customers
18245,10,7,2161.19,5,5,5,555,Champions
16186,22,6,2159.8899999999985,4,5,5,455,Champions
14841,17,5,2158.3499999999995,4,5,5,455,Champions
13373,95,2,2154.8500000000004,2,3,5,235,At Risk
14532,4,5,2154.700000000001,5,5,5,555,Champions
13082,25,6,2153.5400000000004,4,5,5,455,Champions
12451,3,1,2151.2700000000004,5,1,5,515,New Customers
16351,35,9,2145.51,4,5,5,455,Champions
16735,36,6,2138.98,4,5,5,455,Champions
17305,122,1,2135.46,1,1,5,115,Lost
13931,97,4,2131.420000000001,2,4,5,245,At Risk
12823,23,8,2131.0,4,5,5,455,Champions
17848,20,15,2128.7,4,5,5,455,Champions
15754,92,4,2126.8199999999997,2,4,5,245,At Risk
13209,55,4,2126.5,3,4,5,345,Loyal Customers
13953,43,3,2125.0,3,4,5,345,Loyal Customers
16736,67,4,2124.28,3,4,5,345,Loyal Customers
15032,77,2,2123.95,2,3,5,235,At Risk
12917,52,2,2102.0000000000005,3,3,5,335,Loyal Customers
17669,3,2,2101.28,5,3,5,535,Loyal Customers
14440,72,4,2093.7500000000005,2,4,5,245,At Risk
14105,84,2,2090.3500000000004,2,3,5,235,At Risk
17819,58,4,2085.0999999999995,3,4,5,345,Loyal Customers
15785,9,6,2081.4300000000007,5,5,5,555,Champions
13317,20,6,2079.4400000000005,4,5,5,455,Champions
15079,21,4,2066.760000000001,4,4,5,445,Champions
13052,24,4,2064.8300000000004,4,4,5,445,Champions
14291,43,4,2059.8200000000006,3,4,5,345,Loyal Customers
17238,24,8,2059.400000000001,4,5,5,455,Champions
15002,9,4,2057.4700000000007,5,4,5,545,Champions
16558,18,5,2053.5800000000013,4,5,5,455,Champions
15367,66,5,2048.87,3,5,5,355,Loyal Customers
17931,1,8,2046.9800000000007,5,5,5,555,Champions
17913,22,8,2025.9,4,5,5,455,Champions
13815,25,2,2025.0399999999995,4,3,5,435,Loyal Customers
15150,18,1,2024.060000000001,4,1,5,415,New Customers
16180,8,2,2017.52,5,3,5,535,Loyal Customers
13316,114,1,2017.36,2,1,5,215,Lost
13085,154,6,2017.2000000000005,1,5,5,155,At Risk
14227,30,3,2014.4300000000007,4,4,5,445,Champions
12359,10,5,2012.03,5,5,5,555,Champions
14930,37,2,2005.6300000000003,4,3,5,435,Loyal Customers
16772,175,2,2001.1,1,3,5,135,At Risk
17307,57,5,2000.2600000000004,3,5,5,355,Loyal Customers
17873,35,6,1998.7000000000007,4,5,5,455,Champions
15791,4,3,1995.65,5,4,5,545,Champions
16782,5,9,1990.8600000000051,5,5,5,555,Champions
13629,45,3,1980.0,3,4,5,345,Loyal Customers
17241,30,8,1979.440000000001,4,5,5,455,Champions
13091,203,2,1976.0000000000005,1,3,5,135,At Risk
17031,24,2,1975.0,4,3,5,435,Loyal Customers
14159,24,6,1974.9700000000007,4,5,5,455,Champions
14669,108,4,1973.9400000000005,2,4,5,245,At Risk
15031,13,7,1972.9400000000005,5,5,5,555,Champions
14401,7,6,1971.03,5,5,5,555,Champions
17504,51,4,1963.69,3,4,5,345,Loyal Customers
17372,4,14,1962.7100000000012,5,5,5,555,Champions
13338,16,3,1958.6000000000004,5,4,5,545,Champions
12469,11,1,1956.84,5,1,5,515,New Customers
14593,11,7,1956.390000000002,5,5,5,555,Champions
17039,78,1,1954.99,2,1,5,215,Lost
12653,1,1,1950.98,5,1,5,515,New Customers
12978,120,4,1946.4599999999984,1,4,5,145,At Risk
17754,71,5,1945.2799999999988,2,5,5,255,At Risk
13875,1,6,1944.8700000000013,5,5,5,555,Champions
18065,2,7,1944.4,5,5,5,555,Champions
13113,33,3,1942.94,4,4,5,445,Champions
13958,65,5,1942.7000000000005,3,5,5,355,Loyal Customers
15727,29,3,1937.66,4,4,5,445,Champions
15805,50,4,1933.569999999999,3,4,5,345,Loyal Customers
13136,60,2,1931.070000000001,3,3,5,335,Loyal Customers
13854,16,8,1926.2700000000004,5,5,5,555,Champions
17115,23,4,1923.99,4,4,5,445,Champions
14530,2,6,1921.280000000001,5,5,5,555,Champions
16353,57,11,1913.05,3,5,5,355,Loyal Customers
15465,55,9,1908.9500000000007,3,5,5,355,Loyal Customers
17465,42,5,1905.0000000000005,3,5,5,355,Loyal Customers
12913,44,5,1903.7400000000005,3,5,5,355,Loyal Customers
15527,23,9,1902.360000000001,4,5,5,455,Champions
12391,72,4,1902.19,2,4,5,245,At Risk
17469,57,6,1901.4800000000005,3,5,5,355,Loyal Customers
18009,16,7,1898.4900000000007,5,5,5,555,Champions
15838,29,4,1890.56,4,4,5,445,Champions
17663,22,4,1889.24,4,4,5,445,Champions
14867,4,12,1883.3800000000008,5,5,5,555,Champions
16103,3,7,1883.37,5,5,5,555,Champions
13269,1,9,1875.4800000000007,5,5,5,555,Champions
16560,56,5,1874.8400000000004,3,5,5,355,Loyal Customers
16670,98,3,1874.6100000000004,2,4,5,245,At Risk
16104,82,6,1873.6000000000013,2,5,5,255,At Risk
15641,14,5,1872.71,5,5,5,555,Champions
17969,18,16,1868.7900000000004,4,5,5,455,Champions
16072,23,1,1859.640000000002,4,1,5,415,New Customers
16290,19,2,1850.6500000000003,4,3,5,435,Loyal Customers
14702,75,6,1850.4600000000016,2,5,5,255,At Risk
15122,10,4,1847.8900000000003,5,4,5,545,Champions
17412,24,6,1847.31,4,5,5,455,Champions
13552,16,4,1844.9600000000005,5,4,5,545,Champions
15265,79,2,1839.520000000001,2,3,5,235,At Risk
14154,18,2,1835.6600000000003,4,3,5,435,Loyal Customers
13478,15,4,1834.010000000001,5,4,5,545,Champions
17646,10,6,1817.3400000000004,5,5,5,555,Champions
13658,21,2,1816.5100000000004,4,3,5,435,Loyal Customers
12417,14,6,1812.2000000000005,5,5,5,555,Champions
12531,160,1,1807.98,1,1,5,115,Lost
16938,58,2,1807.59,3,3,5,335,Loyal Customers
15521,20,4,1807.32,4,4,5,445,Champions
14732,8,8,1807.2200000000005,5,5,5,555,Champions
13157,49,2,1805.86,3,3,5,335,Loyal Customers
17861,72,5,1802.179999999998,2,5,5,255,At Risk
13593,26,5,1801.5900000000008,4,5,5,455,Champions
13520,82,3,1795.8799999999997,2,4,5,245,At Risk
16336,106,2,1787.9000000000003,2,3,5,235,At Risk
15425,2,3,1787.07,5,4,5,545,Champions
15786,11,1,1786.7100000000005,5,1,5,515,New Customers
13901,28,6,1786.57,4,5,5,455,Champions
17082,100,3,1785.3800000000006,2,4,5,245,At Risk
13510,10,5,1781.2100000000007,5,5,5,555,Champions
15673,46,3,1780.8100000000004,3,4,5,345,Loyal Customers
18214,5,4,1780.34,5,4,5,545,Champions
15306,39,4,1776.3100000000002,3,4,5,345,Loyal Customers
14175,58,2,1772.2700000000004,3,3,5,335,Loyal Customers
15514,69,5,1770.9499999999994,2,5,5,255,At Risk
16004,37,3,1763.44,4,4,5,445,Champions
14525,41,5,1756.29,3,5,5,355,Loyal Customers
12708,2,6,1756.2799999999995,5,5,5,555,Champions
15046,26,7,1751.9399999999998,4,5,5,455,Champions
14634,8,2,1747.0600000000002,5,3,5,535,Loyal Customers
13615,39,3,1739.9700000000007,3,4,5,345,Loyal Customers
12435,111,2,1736.8799999999994,2,3,5,235,At Risk
12872,14,6,1734.5700000000006,5,5,5,555,Champions
15421,37,4,1733.9499999999996,4,4,5,445,Champions
15389,29,3,1733.8,4,4,5,445,Champions
16456,11,4,1731.8400000000013,5,4,5,545,Champions
15369,66,6,1728.3999999999996,3,5,5,355,Loyal Customers
13982,10,4,1727.5900000000004,5,4,5,545,Champions
16133,27,5,1726.94,4,5,5,455,Champions
13173,35,8,1724.850000000003,4,5,5,455,Champions
12759,39,2,1703.6800000000003,3,3,5,335,Loyal Customers
15911,98,8,1702.3400000000015,2,5,5,255,At Risk
12932,13,8,1698.5600000000002,5,5,5,555,Champions
12358,25,2,1697.9300000000003,4,3,5,435,Loyal Customers
15680,56,5,1686.9900000000002,3,5,5,355,Loyal Customers
15502,29,1,1686.4100000000003,4,1,5,415,New Customers
13152,3,5,1685.2500000000005,5,5,5,555,Champions
14112,37,3,1684.82,4,4,5,445,Champions
13557,21,7,1681.11,4,5,5,455,Champions
12911,26,1,1680.47,4,1,5,415,New Customers
12982,13,4,1678.4599999999998,5,4,5,545,Champions
16839,14,4,1676.96,5,4,5,545,Champions
14831,154,3,1676.5700000000004,1,4,5,145,At Risk
17526,22,5,1674.25,4,5,5,455,Champions
12854,35,4,1669.5200000000004,4,4,5,445,Champions
17838,49,5,1668.3800000000008,3,5,5,355,Loyal Customers
13883,37,6,1661.4400000000005,4,5,5,455,Champions
17083,1,4,1659.4700000000005,5,4,5,545,Champions
12701,3,4,1648.7000000000005,5,4,5,545,Champions
14548,45,6,1648.2900000000006,3,5,5,355,Loyal Customers
13192,10,4,1646.6400000000003,5,4,5,545,Champions
12867,52,3,1638.7699999999988,3,4,5,345,Loyal Customers
15480,150,2,1636.38,1,3,5,135,At Risk
12406,70,2,1629.1999999999998,2,3,5,235,At Risk
18168,6,7,1627.5499999999995,5,5,5,555,Champions
14092,2,6,1625.9200000000003,5,5,5,555,Champions
14493,10,3,1625.0500000000004,5,4,5,545,Champions
12523,28,6,1624.1500000000003,4,5,5,455,Champions
14855,85,1,1623.8000000000004,2,1,5,215,Lost
15955,56,3,1623.6300000000003,3,4,5,345,Loyal Customers
14442,43,2,1621.5500000000002,3,3,5,335,Loyal Customers
12976,49,4,1619.0200000000004,3,4,5,345,Loyal Customers
17876,77,2,1619.02,2,3,5,235,At Risk
13313,25,6,1618.2000000000005,4,5,5,455,Champions
17091,4,5,1615.3600000000004,5,5,5,555,Champions
14824,39,3,1614.6500000000003,3,4,5,345,Loyal Customers
16771,19,4,1612.6300000000008,4,4,5,445,Champions
15858,7,6,1611.449999999999,5,5,5,555,Champions
17644,58,5,1608.06,3,5,5,355,Loyal Customers
17884,3,11,1606.7299999999996,5,5,5,555,Champions
15518,38,5,1606.1199999999997,3,5,5,355,Loyal Customers
15607,18,8,1604.21,4,5,5,455,Champions
17049,67,3,1601.3099999999995,3,4,5,345,Loyal Customers
16308,18,2,1600.0,4,3,5,435,Loyal Customers
16722,29,5,1597.9300000000003,4,5,5,455,Champions
13993,10,5,1596.4300000000003,5,5,5,555,Champions
17028,55,3,1593.8300000000006,3,4,5,345,Loyal Customers
15712,18,4,1591.15,4,4,5,445,Champions
16242,26,3,1590.1000000000006,4,4,5,445,Champions
14341,4,6,1589.67,5,5,5,555,Champions
14857,31,3,1586.8210000000004,4,4,5,445,Champions
16400,45,4,1586.2800000000016,3,4,5,345,Loyal Customers
15249,25,3,1580.95,4,4,5,445,Champions
14944,78,3,1578.3,2,4,5,245,At Risk
12549,50,6,1575.68,3,5,5,355,Loyal Customers
13337,20,1,1575.2600000000002,4,1,5,415,New Customers
12662,23,5,1574.6899999999996,4,5,5,455,Champions
17068,3,9,1573.9099999999996,5,5,5,555,Champions
17640,4,3,1573.32,5,4,5,545,Champions
14388,23,4,1570.3500000000004,4,4,5,445,Champions
16933,112,3,1562.8600000000004,2,4,5,245,At Risk
13042,72,3,1556.5400000000004,2,4,5,245,At Risk
14221,25,3,1556.1499999999992,4,4,5,445,Champions
14626,36,4,1552.55,4,4,5,445,Champions
18145,23,4,1548.9600000000005,4,4,5,445,Champions
17738,20,7,1547.8699999999994,4,5,5,455,Champions
12705,8,1,1544.8699999999997,5,1,5,515,New Customers
17512,24,5,1539.7900000000004,4,5,5,455,Champions
14740,30,5,1535.44,4,5,5,455,Champions
17610,14,5,1529.4900000000014,5,5,5,555,Champions
14441,26,4,1518.2700000000004,4,4,5,445,Champions
14918,21,3,1507.87,4,4,5,445,Champions
13291,6,5,1504.1700000000003,5,5,5,555,Champions
13819,143,3,1502.0000000000002,1,4,5,145,At Risk
14540,21,5,1495.970000000001,4,5,5,455,Champions
16283,1,2,1495.3800000000022,5,3,5,535,Loyal Customers
14057,15,3,1488.5600000000002,5,4,5,545,Champions
15240,7,3,1482.7300000000002,5,4,5,545,Champions
17769,40,4,1482.6600000000003,3,4,5,345,Loyal Customers
16875,39,3,1482.3100000000002,3,4,5,345,Loyal Customers
15013,22,9,1481.84,4,5,5,455,Champions
16732,86,2,1472.88,2,3,5,235,At Risk
17550,52,4,1468.250000000001,3,4,5,345,Loyal Customers
16917,106,1,1466.3100000000004,2,1,5,215,Lost
15203,16,6,1464.7700000000004,5,5,5,555,Champions
18268,65,5,1464.73,3,5,5,355,Loyal Customers
13018,45,5,1464.3500000000004,3,5,5,355,Loyal Customers
16461,65,2,1463.8000000000015,3,3,5,335,Loyal Customers
13929,35,6,1462.52,4,5,5,455,Champions
15819,11,5,1458.2099999999996,5,5,4,554,Champions
16918,8,7,1457.8500000000008,5,5,4,554,Champions
17092,8,3,1454.3200000000002,5,4,4,544,Champions
16331,107,2,1452.1,2,3,4,234,At Risk
17672,115,2,1449.1600000000003,2,3,4,234,At Risk
17851,18,5,1448.9500000000007,4,5,4,454,Champions
17612,14,5,1447.500000000001,5,5,4,554,Champions
13543,108,2,1439.6100000000004,2,3,4,234,At Risk
14546,33,3,1438.2800000000018,4,4,4,444,Champions
16088,50,2,1437.43,3,3,4,334,Loyal Customers
13623,24,3,1434.09,4,4,4,444,Champions
14146,108,4,1433.61,2,4,4,244,At Risk
13975,24,3,1432.8999999999987,4,4,4,444,Champions
13764,43,3,1431.5,3,4,4,344,Loyal Customers
18095,53,2,1427.36,3,3,4,334,Loyal Customers
16202,28,6,1427.3499999999997,4,5,4,454,Champions
15623,30,4,1422.84,4,4,4,444,Champions
16466,26,4,1422.05,4,4,4,444,Champions
14451,1,6,1421.4200000000008,5,5,4,554,Champions
15581,1,16,1417.5200000000002,5,5,4,554,Champions
15312,56,5,1414.8900000000003,3,5,4,354,Loyal Customers
13571,15,7,1413.479999999999,5,5,4,554,Champions
16655,25,4,1410.55,4,4,4,444,Champions
17406,37,8,1408.9700000000005,4,5,4,454,Champions
12378,36,1,1407.6999999999998,4,1,4,414,New Customers
12429,20,2,1407.3600000000004,4,3,4,434,Loyal Customers
12986,6,5,1407.2200000000012,5,5,4,554,Champions
17191,2,5,1401.9000000000003,5,5,4,554,Champions
16841,6,4,1401.76,5,4,4,544,Champions
13230,5,8,1400.9300000000014,5,5,4,554,Champions
15569,5,3,1400.62,5,4,4,544,Champions
14852,15,4,1399.8300000000002,5,4,4,544,Champions
17603,92,3,1398.7600000000004,2,4,4,244,At Risk
13813,2,4,1398.61,5,4,4,544,Champions
16153,37,1,1395.9800000000005,4,1,4,414,New Customers
13131,29,3,1393.58,4,4,4,444,Champions
12600,52,6,1392.8100000000004,3,5,4,354,Loyal Customers
17602,1,6,1390.7500000000005,5,5,4,554,Champions
15750,16,4,1388.8900000000003,5,4,4,544,Champions
15326,83,4,1388.8099999999995,2,4,4,244,At Risk
13590,80,4,1388.7800000000002,2,4,4,244,At Risk
12374,62,1,1388.5400000000002,3,1,4,314,Needs Attention
16156,13,5,1387.8300000000002,5,5,4,554,Champions
13696,66,2,1386.2,3,3,4,334,Loyal Customers
14290,116,2,1385.11,2,3,4,234,At Risk
13503,22,4,1384.0700000000004,4,4,4,444,Champions
17346,13,5,1372.7400000000002,5,5,4,554,Champions
14147,45,3,1372.6,3,4,4,344,Loyal Customers
13736,19,2,1369.2999999999995,4,3,4,434,Loyal Customers
14625,66,3,1368.4200000000003,3,4,4,344,Loyal Customers
12533,102,2,1367.89,2,3,4,234,At Risk
16619,72,2,1364.9200000000003,2,3,4,234,At Risk
12863,22,3,1364.85,4,4,4,444,Champions
18257,35,2,1364.7500000000005,4,3,4,434,Loyal Customers
13711,53,6,1360.1200000000003,3,5,4,354,Loyal Customers
17596,9,5,1356.77,5,5,4,554,Champions
13753,72,3,1353.3100000000004,2,4,4,244,At Risk
12483,23,6,1353.1,4,5,4,454,Champions
17059,17,3,1352.790000000001,4,4,4,444,Champions
17673,25,4,1350.7800000000009,4,4,4,444,Champions
13527,68,3,1349.1600000000003,2,4,4,244,At Risk
15129,9,4,1344.45,5,4,4,544,Champions
14421,25,3,1344.13,4,4,4,444,Champions
14878,26,8,1341.56,4,5,4,454,Champions
13397,51,4,1339.34,3,4,4,344,Loyal Customers
12711,86,2,1339.0499999999995,2,3,4,234,At Risk
16485,67,3,1339.000000000001,3,4,4,344,Loyal Customers
17213,114,4,1337.9499999999998,2,4,4,244,At Risk
13783,44,3,1335.24,3,4,4,344,Loyal Customers
13102,15,3,1333.85,5,4,4,544,Champions
18069,32,4,1332.960000000001,4,4,4,444,Champions
16569,105,4,1331.0299999999995,2,4,4,244,At Risk
14295,4,3,1329.7500000000002,5,4,4,544,Champions
15614,101,1,1327.9800000000002,2,1,4,214,Lost
12500,82,6,1327.0400000000002,2,5,4,254,At Risk
13151,100,2,1322.87,2,3,4,234,At Risk
14461,57,3,1319.6100000000006,3,4,4,344,Loyal Customers
14766,26,1,1319.5299999999995,4,1,4,414,New Customers
13115,14,3,1319.0200000000002,5,4,4,544,Champions
17188,58,4,1318.9200000000003,3,4,4,344,Loyal Customers
14211,10,6,1318.5100000000002,5,5,4,554,Champions
17449,23,4,1318.1200000000003,4,4,4,444,Champions
13266,37,4,1317.72,4,4,4,444,Champions
14099,22,4,1317.5499999999993,4,4,4,444,Champions
16296,100,4,1313.67,2,4,4,244,At Risk
16190,1,4,1311.71,5,4,4,544,Champions
16620,36,3,1311.47,4,4,4,444,Champions
17829,129,1,1310.3000000000004,1,1,4,114,Lost
13485,36,4,1309.0500000000002,4,4,4,444,Champions
16563,4,3,1308.3599999999997,5,4,4,544,Champions
18272,22,3,1307.4000000000003,4,4,4,444,Champions
16894,9,2,1307.0600000000009,5,3,4,534,Loyal Customers
13769,16,5,1302.2000000000005,5,5,4,554,Champions
13979,50,4,1302.1100000000008,3,4,4,344,Loyal Customers
16383,63,2,1301.0600000000002,3,3,4,334,Loyal Customers
15862,35,7,1297.190000000002,4,5,4,454,Champions
18226,9,3,1296.0399999999995,5,4,4,544,Champions
14649,36,3,1295.2600000000004,4,4,4,444,Champions
17686,8,1,1294.87,5,1,4,514,New Customers
15059,25,6,1294.3500000000013,4,5,4,454,Champions
12727,22,2,1293.7500000000002,4,3,4,434,Loyal Customers
16854,114,1,1290.8100000000002,2,1,4,214,Lost
17505,25,3,1289.64,4,4,4,444,Champions
13870,56,2,1285.3999999999996,3,3,4,334,Loyal Customers
16992,7,3,1283.0300000000004,5,4,4,544,Champions
14713,28,6,1281.5100000000004,4,5,4,454,Champions
14555,1,3,1277.6400000000003,5,4,4,544,Champions
15051,8,3,1276.6299999999994,5,4,4,544,Champions
16208,46,3,1275.8099999999995,3,4,4,344,Loyal Customers
16883,1,10,1270.8100000000004,5,5,4,554,Champions
12349,45,2,1268.5199999999998,3,3,4,334,Loyal Customers
12809,40,2,1266.63,3,3,4,334,Loyal Customers
13183,15,3,1265.66,5,4,4,544,Champions
16057,130,2,1265.4300000000003,1,3,4,134,At Risk
17211,123,4,1263.0000000000002,1,4,4,144,At Risk
14068,77,3,1262.5200000000002,2,4,4,244,At Risk
17618,5,4,1260.2600000000011,5,4,4,544,Champions
13015,66,2,1259.8500000000004,3,3,4,334,Loyal Customers
14293,161,3,1259.35,1,4,4,144,At Risk
14215,162,2,1259.11,1,3,4,134,At Risk
12744,65,1,1252.9499999999996,3,1,4,314,Needs Attention
17287,31,9,1252.85,4,5,4,454,Champions
14653,25,4,1251.38,4,4,4,444,Champions
17069,56,2,1250.8300000000004,3,3,4,334,Loyal Customers
17552,22,5,1250.71,4,5,4,454,Champions
13069,3,3,1250.430000000001,5,4,4,544,Champions
16716,105,1,1248.48,2,1,4,214,Lost
14225,44,2,1247.4599999999998,3,3,4,334,Loyal Customers
12779,7,3,1246.84,5,4,4,544,Champions
16325,9,5,1243.2500000000005,5,5,4,554,Champions
17311,35,2,1242.4900000000005,4,3,4,434,Loyal Customers
17529,84,2,1240.25,2,3,4,234,At Risk
13156,142,2,1239.6,1,3,4,134,At Risk
16279,29,2,1237.26,4,3,4,434,Loyal Customers
15628,1,4,1236.6200000000006,5,4,4,544,Champions
17905,4,8,1236.4700000000005,5,5,4,554,Champions
15410,43,2,1234.88,3,3,4,334,Loyal Customers
14006,3,4,1234.4799999999998,5,4,4,544,Champions
16347,30,6,1234.000000000001,4,5,4,454,Champions
13756,1,5,1231.1399999999996,5,5,4,554,Champions
13823,113,3,1230.7400000000002,2,4,4,244,At Risk
13021,1,4,1230.6699999999998,5,4,4,544,Champions
12784,3,1,1230.3300000000002,5,1,4,514,New Customers
13330,40,2,1229.15,3,3,4,334,Loyal Customers
12725,45,2,1228.9500000000005,3,3,4,334,Loyal Customers
16303,43,2,1228.3400000000006,3,3,4,334,Loyal Customers
17539,92,4,1226.5700000000004,2,4,4,244,At Risk
15443,32,5,1224.9900000000002,4,5,4,454,Champions
15380,24,5,1224.26,4,5,4,454,Champions
14492,4,5,1223.62,5,5,4,554,Champions
15485,155,3,1222.92,1,4,4,144,At Risk
15248,8,1,1222.9099999999996,5,1,4,514,New Customers
17667,3,2,1221.7500000000005,5,3,4,534,Loyal Customers
13202,18,5,1221.6300000000003,4,5,4,454,Champions
17961,8,42,1221.620000000002,5,5,4,554,Champions
17426,85,3,1221.0500000000002,2,4,4,244,At Risk
16366,56,3,1220.83,3,4,4,344,Loyal Customers
13799,18,4,1219.33,4,4,4,444,Champions
14916,54,3,1218.81,3,4,4,344,Loyal Customers
14195,55,3,1215.4,3,4,4,344,Loyal Customers
15796,26,3,1215.2800000000002,4,4,4,444,Champions
12497,119,1,1211.7600000000002,2,1,4,214,Lost
14136,29,4,1210.97,4,4,4,444,Champions
12377,63,1,1210.96,3,1,4,314,Needs Attention
14466,22,5,1210.8500000000006,4,5,4,454,Champions
13495,100,3,1210.5100000000002,2,4,4,244,At Risk
16182,65,2,1209.0,3,3,4,334,Loyal Customers
17165,31,4,1208.9300000000003,4,4,4,444,Champions
16011,22,8,1208.5200000000002,4,5,4,454,Champions
15827,9,9,1207.9500000000007,5,5,4,554,Champions
15606,15,4,1207.1,5,4,4,544,Champions
16686,2,5,1206.550000000001,5,5,4,554,Champions
13077,14,4,1206.12,5,4,4,544,Champions
13855,71,3,1203.1,2,4,4,244,At Risk
14209,24,4,1201.6,4,4,4,444,Champions
12742,100,1,1201.5200000000002,2,1,4,214,Lost
15983,201,3,1199.59,1,4,4,144,At Risk
18170,14,4,1197.74,5,4,4,544,Champions
14936,58,2,1194.4800000000012,3,3,4,334,Loyal Customers
16450,58,2,1193.8100000000002,3,3,4,334,Loyal Customers
16631,10,5,1192.8700000000006,5,5,4,554,Champions
13878,22,3,1191.5300000000002,4,4,4,444,Champions
14257,122,1,1189.34,1,1,4,114,Lost
13371,106,1,1189.0100000000002,2,1,4,214,Lost
16161,7,9,1187.9100000000008,5,5,4,554,Champions
17414,8,3,1187.1999999999998,5,4,4,544,Champions
16147,45,2,1186.37,3,3,4,334,Loyal Customers
16209,17,2,1183.5,4,3,4,434,Loyal Customers
17954,25,6,1183.0900000000015,4,5,4,454,Champions
13526,212,2,1182.0000000000005,1,3,4,134,At Risk
14396,123,4,1180.9400000000014,1,4,4,144,At Risk
16860,10,2,1179.3200000000002,5,3,4,534,Loyal Customers
16409,74,3,1177.8100000000013,2,4,4,244,At Risk
15629,7,1,1176.1999999999998,5,1,4,514,New Customers
16271,26,2,1175.9900000000002,4,3,4,434,Loyal Customers
16098,1,5,1175.1999999999998,5,5,4,554,Champions
16197,3,6,1168.4800000000007,5,5,4,554,Champions
14101,42,2,1166.4400000000005,3,3,4,334,Loyal Customers
12474,19,4,1166.07,4,4,4,444,Champions
13871,23,3,1164.0000000000002,4,4,4,444,Champions
14844,80,1,1160.6600000000003,2,1,4,214,Lost
16163,21,3,1160.5300000000002,4,4,4,444,Champions
13459,99,2,1160.41,2,3,4,234,At Risk
17442,45,3,1160.15,3,4,4,344,Loyal Customers
13693,68,6,1160.0700000000002,2,5,4,254,At Risk
17679,107,4,1159.5000000000002,2,4,4,244,At Risk
12439,157,2,1158.1800000000003,1,3,4,134,At Risk
15027,38,4,1156.16,3,4,4,344,Loyal Customers
13481,63,3,1156.0400000000002,3,4,4,344,Loyal Customers
12916,82,2,1155.6200000000003,2,3,4,234,At Risk
12615,105,1,1155.4800000000002,2,1,4,214,Lost
15946,108,1,1155.02,2,1,4,214,Lost
16145,21,2,1154.2400000000002,4,3,4,434,Loyal Customers
17534,19,3,1151.5299999999995,4,4,4,444,Champions
14239,53,7,1150.4100000000003,3,5,4,354,Loyal Customers
12924,36,5,1147.9900000000002,4,5,4,454,Champions
16225,22,6,1147.8700000000003,4,5,4,454,Champions
14308,23,2,1147.02,4,3,4,434,Loyal Customers
13911,4,9,1145.29,5,5,4,554,Champions
17742,29,5,1144.5799999999997,4,5,4,454,Champions
17477,87,2,1144.3000000000004,2,3,4,234,At Risk
16326,12,7,1143.7000000000005,5,5,4,554,Champions
15329,16,5,1142.58,5,5,4,554,Champions
14869,137,2,1142.41,1,3,4,134,At Risk
17496,38,3,1141.84,3,4,4,344,Loyal Customers
14469,94,2,1141.47,2,3,4,234,At Risk
13421,10,4,1141.29,5,4,4,544,Champions
13650,1,3,1141.0600000000002,5,4,4,544,Champions
16176,2,3,1140.59,5,4,4,544,Champions
12935,4,5,1140.0300000000004,5,5,4,554,Champions
16549,21,7,1139.8100000000006,4,5,4,454,Champions
15586,67,3,1139.1,3,4,4,344,Loyal Customers
14744,37,4,1137.6999999999998,4,4,4,444,Champions
16143,50,3,1137.4900000000002,3,4,4,344,Loyal Customers
15722,77,3,1134.7900000000002,2,4,4,244,At Risk
14399,36,4,1134.0300000000002,4,4,4,444,Champions
12567,3,3,1131.7299999999998,5,4,4,544,Champions
13393,58,4,1131.45,3,4,4,344,Loyal Customers
12733,163,1,1130.2200000000005,1,1,4,114,Lost
17622,72,2,1130.2099999999998,2,3,4,234,At Risk
16365,10,4,1129.9700000000005,5,4,4,544,Champions
18258,20,3,1129.61,4,4,4,444,Champions
17941,65,3,1128.72,3,4,4,344,Loyal Customers
14671,23,2,1127.45,4,3,4,434,Loyal Customers
16717,43,3,1127.38,3,4,4,344,Loyal Customers
15366,25,3,1126.79,4,4,4,444,Champions
17338,10,3,1126.57,5,4,4,544,Champions
12503,58,1,1126.0,3,1,4,314,Needs Attention
12395,77,1,1125.4400000000005,2,1,4,214,Lost
15798,120,2,1124.66,1,3,4,134,At Risk
14917,71,2,1123.75,2,3,4,234,At Risk
16523,67,3,1123.23,3,4,4,344,Loyal Customers
12802,14,2,1120.9400000000005,5,3,4,534,Loyal Customers
13848,20,3,1120.0,4,4,4,444,Champions
15694,4,3,1118.42,5,4,4,544,Champions
16571,0,4,1117.9999999999998,5,4,4,544,Champions
14404,53,6,1114.29,3,5,4,354,Loyal Customers
15972,48,2,1113.8600000000004,3,3,4,334,Loyal Customers
13324,6,3,1113.02,5,4,4,544,Champions
15559,42,1,1109.4,3,1,4,314,Needs Attention
15456,44,5,1109.3499999999997,3,5,4,354,Loyal Customers
15916,32,4,1105.7,4,4,4,444,Champions
14909,38,2,1105.2800000000002,3,3,4,334,Loyal Customers
13611,9,4,1103.11,5,4,4,544,Champions
12712,42,4,1102.75,3,4,4,344,Loyal Customers
14292,63,2,1101.0300000000004,3,3,4,334,Loyal Customers
17822,34,2,1100.49,4,3,4,434,Loyal Customers
15381,15,2,1099.86,5,3,4,534,Loyal Customers
17063,65,3,1096.74,3,4,4,344,Loyal Customers
13092,21,4,1095.9500000000005,4,4,4,444,Champions
17314,39,5,1095.09,3,5,4,354,Loyal Customers
14676,4,3,1091.6400000000003,5,4,4,544,Champions
16791,23,4,1088.6,4,5,4,454,Champions
16393,16,4,1087.2899999999993,5,5,4,554,Champions
15173,8,5,1085.83,5,5,4,554,Champions
14825,1,6,1084.4800000000002,5,5,4,554,Champions
13443,27,5,1083.9199999999994,4,5,4,454,Champions
12820,38,4,1083.3000000000002,3,5,4,354,Loyal Customers
15967,17,5,1083.2300000000002,4,5,4,454,Champions
14408,35,3,1082.28,4,4,4,444,Champions
15546,81,2,1079.1,2,3,4,234,At Risk
14344,51,4,1076.1200000000003,3,5,4,354,Loyal Customers
18287,46,1,1071.61,3,1,4,314,Needs Attention
18151,33,3,1069.9899999999998,4,4,4,444,Champions
14235,44,2,1067.6599999999996,3,3,4,334,Loyal Customers
17180,21,5,1067.3900000000012,4,5,4,454,Champions
12813,52,2,1065.8,3,3,4,334,Loyal Customers
16094,13,3,1065.6999999999998,5,4,4,544,Champions
14935,94,1,1065.12,2,1,4,214,Lost
14316,21,4,1064.1,4,5,4,454,Champions
16719,25,4,1064.1,4,5,4,454,Champions
13969,17,5,1062.9700000000005,4,5,4,454,Champions
13074,91,3,1062.2399999999998,2,4,4,244,At Risk
15484,14,2,1061.6900000000005,5,3,4,534,Loyal Customers
18242,36,3,1060.3,4,4,4,444,Champions
16276,82,1,1057.36,2,1,4,214,Lost
15854,24,4,1056.8200000000004,4,5,4,454,Champions
16554,14,3,1053.6399999999996,5,4,4,544,Champions
14898,79,4,1050.3300000000006,2,5,4,254,At Risk
13775,65,1,1049.66,3,1,4,314,Needs Attention
17474,74,1,1047.0,2,1,4,214,Lost
16743,23,4,1044.2200000000005,4,5,4,454,Champions
17682,25,3,1042.7,4,4,4,444,Champions
16755,71,3,1041.91,2,4,4,244,At Risk
18260,5,4,1040.4,5,5,4,554,Champions
13995,28,5,1037.4,4,5,4,454,Champions
14233,64,2,1037.2000000000005,3,3,4,334,Loyal Customers
14307,101,3,1036.7600000000004,2,4,4,244,At Risk
13561,19,6,1036.7299999999998,4,5,4,454,Champions
14790,8,4,1035.44,5,5,4,554,Champions
15149,50,4,1033.81,3,5,4,354,Loyal Customers
15561,18,3,1033.6,4,4,4,444,Champions
14496,53,2,1031.7399999999998,3,3,4,334,Loyal Customers
13417,22,4,1028.66,4,5,4,454,Champions
15394,39,3,1027.66,3,4,4,344,Loyal Customers
12609,35,3,1025.7499999999998,4,4,4,444,Champions
16797,14,3,1023.8300000000004,5,4,4,544,Champions
17863,4,3,1022.2199999999998,5,4,4,544,Champions
17147,27,4,1020.91,4,5,4,454,Champions
12972,57,3,1019.0399999999998,3,4,4,344,Loyal Customers
17019,4,3,1018.6100000000004,5,4,4,544,Champions
12905,51,2,1018.42,3,3,4,334,Loyal Customers
12910,95,1,1017.96,2,1,4,214,Lost
17242,56,2,1016.94,3,3,4,334,Loyal Customers
13641,115,5,1016.47,2,5,4,254,At Risk
18252,23,5,1015.4200000000004,4,5,4,454,Champions
13039,58,4,1010.73,3,5,4,354,Loyal Customers
17460,29,6,1008.0700000000004,4,5,4,454,Champions
17802,73,3,1007.2,2,4,4,244,At Risk
15290,23,3,1007.04,4,4,4,444,Champions
15771,78,3,1006.54,2,4,4,244,At Risk
17588,24,2,1004.9299999999998,4,3,4,434,Loyal Customers
18057,78,2,1002.8100000000004,2,3,4,234,At Risk
14572,32,2,1001.85,4,3,4,434,Loyal Customers
14255,20,1,1000.63,4,1,4,414,New Customers
16003,100,3,997.27,2,4,4,244,At Risk
16087,84,3,997.24,2,4,4,244,At Risk
17685,37,2,995.56,4,3,4,434,Loyal Customers
16150,63,3,994.32,3,4,4,344,Loyal Customers
15252,51,2,992.8700000000003,3,3,4,334,Loyal Customers
15751,19,8,991.9699999999998,4,5,4,454,Champions
18215,1,2,990.85,5,3,4,534,Loyal Customers
13477,16,3,989.6799999999998,5,4,4,544,Champions
14564,210,1,989.18,1,1,4,114,Lost
15176,142,1,988.0400000000002,1,1,4,114,Lost
14817,75,2,987.38,2,3,4,234,At Risk
15141,8,5,987.1,5,5,4,554,Champions
16661,14,4,986.6300000000002,5,5,4,554,Champions
16570,44,2,986.4200000000004,3,3,4,334,Loyal Customers
15795,61,6,986.3800000000002,3,5,4,354,Loyal Customers
14643,92,3,986.08,2,4,4,244,At Risk
13059,3,4,984.68,5,5,4,554,Champions
17584,73,2,984.25,2,3,4,234,At Risk
14186,37,3,984.09,4,4,4,444,Champions
14695,206,2,984.0300000000002,1,3,4,134,At Risk
14538,5,3,982.59,5,4,4,544,Champions
15716,12,5,982.3600000000002,5,5,4,554,Champions
17994,25,3,980.9000000000008,4,4,4,444,Champions
18229,44,4,980.4,3,5,4,354,Loyal Customers
13719,11,3,980.14,5,4,4,544,Champions
17001,4,3,979.0700000000002,5,4,4,544,Champions
13031,28,1,978.2400000000004,4,1,4,414,New Customers
16012,4,1,975.3300000000004,5,1,4,514,New Customers
16510,97,3,974.9799999999998,2,4,4,244,At Risk
13253,178,1,974.39,1,1,4,114,Lost
14655,70,1,972.5400000000002,2,1,4,214,Lost
14047,49,2,970.4,3,3,4,334,Loyal Customers
17531,2,2,970.1200000000002,5,3,4,534,Loyal Customers
12625,71,1,969.6899999999998,2,1,4,214,Lost
18144,21,3,967.8,4,4,4,444,Champions
14064,49,4,967.1300000000002,3,5,4,354,Loyal Customers
13204,205,1,966.66,1,1,4,114,Lost
15182,38,2,963.5210000000004,3,3,4,334,Loyal Customers
14107,53,2,962.62,3,3,4,334,Loyal Customers
17018,52,3,962.6,3,4,4,344,Loyal Customers
16551,92,3,961.44,2,4,4,244,At Risk
16027,56,7,961.1,3,5,4,354,Loyal Customers
12675,28,2,958.5,4,3,4,434,Loyal Customers
14161,110,2,957.0999999999996,2,3,4,234,At Risk
15272,46,2,956.55,3,3,4,334,Loyal Customers
17096,4,2,955.5,5,3,4,534,Loyal Customers
15563,79,2,953.78,2,3,4,234,At Risk
14256,169,1,953.5000000000002,1,1,4,114,Lost
17190,24,3,953.42,4,4,4,444,Champions
13648,70,3,952.4,2,4,4,244,At Risk
16255,25,3,951.35,4,4,4,444,Champions
16086,23,3,950.86,4,4,4,444,Champions
14854,51,2,948.91,3,3,4,334,Loyal Customers
13110,30,4,947.6999999999998,4,5,4,454,Champions
15030,26,3,946.53,4,4,4,444,Champions
14327,104,3,945.32,2,4,4,244,At Risk
13728,34,5,945.0800000000004,4,5,4,454,Champions
12656,37,1,945.0,4,1,4,414,New Customers
15826,42,1,943.9699999999998,3,1,4,314,Needs Attention
13874,36,4,940.98,4,5,4,454,Champions
17365,53,3,940.95,3,4,4,344,Loyal Customers
13577,3,5,939.4700000000004,5,5,4,554,Champions
14896,119,4,938.9900000000004,2,5,4,254,At Risk
13750,19,3,938.52,4,4,4,444,Champions
17797,43,4,936.51,3,5,4,354,Loyal Customers
17020,16,2,935.6199999999998,5,3,4,534,Loyal Customers
14651,3,5,934.92,5,5,4,554,Champions
15062,21,2,932.59,4,3,4,434,Loyal Customers
16584,136,1,931.72,1,1,4,114,Lost
16124,58,2,931.64,3,3,4,334,Loyal Customers
12396,148,1,931.4299999999996,1,1,4,114,Lost
17293,17,5,930.89,4,5,4,454,Champions
14301,46,2,928.62,3,3,4,334,Loyal Customers
13916,15,3,928.4300000000002,5,4,4,544,Champions
16017,106,3,927.35,2,4,4,244,At Risk
17342,3,3,927.14,5,4,4,544,Champions
12853,25,2,924.04,4,3,4,434,Loyal Customers
15861,41,3,923.0700000000004,3,4,4,344,Loyal Customers
14032,157,3,922.98,1,4,4,144,At Risk
13872,1,3,919.5700000000002,5,4,4,544,Champions
13048,37,3,919.3499999999996,4,4,4,444,Champions
15494,203,1,917.76,1,1,4,114,Lost
12368,102,1,917.7,2,1,4,214,Lost
16612,39,2,916.97,3,3,4,334,Loyal Customers
16105,9,2,915.5,5,3,4,534,Loyal Customers
13455,67,3,914.8000000000002,3,4,4,344,Loyal Customers
15466,80,2,910.2599999999996,2,3,4,234,At Risk
13971,15,3,909.3000000000004,5,4,4,544,Champions
16134,15,1,906.67,5,1,4,514,New Customers
15817,17,1,906.25,4,1,4,414,New Customers
14969,178,1,906.2299999999998,1,1,4,114,Lost
17930,44,3,905.36,3,4,4,344,Loyal Customers
16455,94,1,905.16,2,1,4,214,Lost
18077,104,5,903.57,2,5,4,254,At Risk
12937,24,3,902.4399999999998,4,4,4,444,Champions
14621,8,2,901.1,5,3,4,534,Loyal Customers
17888,10,11,900.9900000000002,5,5,4,554,Champions
17145,133,1,897.0300000000004,1,1,4,114,Lost
14619,15,1,896.8,5,1,4,514,New Customers
16711,100,3,895.65,2,4,4,244,At Risk
14481,87,2,893.4000000000005,2,3,4,234,At Risk
15732,61,7,889.6300000000005,3,5,4,354,Loyal Customers
17029,1,3,889.1500000000001,5,4,4,544,Champions
16611,45,3,888.0899999999999,3,4,4,344,Loyal Customers
12951,4,5,886.4500000000003,5,5,4,554,Champions
16748,9,5,885.85,5,5,4,554,Champions
12876,64,1,885.5400000000002,3,1,4,314,Needs Attention
15003,101,5,883.9000000000008,2,5,4,254,At Risk
16096,63,2,883.4700000000003,3,3,4,334,Loyal Customers
14000,71,2,882.6999999999998,2,3,4,234,At Risk
14220,41,2,882.6,3,3,4,334,Loyal Customers
13632,50,2,881.9900000000001,3,3,4,334,Loyal Customers
16891,51,5,879.7200000000008,3,5,4,354,Loyal Customers
12418,50,2,879.3100000000002,3,3,4,334,Loyal Customers
15353,23,2,877.3299999999996,4,3,4,434,Loyal Customers
17966,66,5,875.99,3,5,4,354,Loyal Customers
13768,201,2,875.97,1,3,4,134,At Risk
18177,35,3,875.4499999999999,4,4,4,444,Champions
15077,204,1,873.48,1,1,4,114,Lost
16167,91,2,873.24,2,3,4,234,At Risk
15532,2,2,869.7900000000006,5,3,4,534,Loyal Customers
14320,20,3,868.96,4,4,4,444,Champions
12644,144,2,868.1300000000002,1,3,4,134,At Risk
15885,2,6,867.4100000000001,5,5,4,554,Champions
15057,100,2,865.0400000000001,2,3,4,234,At Risk
16300,100,2,863.4700000000005,2,3,4,234,At Risk
16532,95,1,861.5999999999999,2,1,4,214,Lost
16108,56,2,860.99,3,3,4,334,Loyal Customers
16174,10,3,860.7,5,4,4,544,Champions
16905,73,6,859.6499999999999,2,5,4,254,At Risk
13293,14,4,857.5900000000001,5,5,4,554,Champions
14370,57,4,857.5,3,5,4,354,Loyal Customers
14044,54,3,853.0900000000012,3,4,4,344,Loyal Customers
15990,67,4,852.6300000000001,3,5,4,354,Loyal Customers
17635,19,2,852.08,4,3,4,434,Loyal Customers
16317,24,2,850.8600000000001,4,3,4,434,Loyal Customers
16008,37,4,849.3900000000001,4,5,4,454,Champions
15965,79,4,849.3000000000002,2,5,4,254,At Risk
15810,102,2,849.1999999999999,2,3,4,234,At Risk
16946,36,3,849.04,4,4,4,444,Champions
16798,28,3,848.710000000001,4,4,4,444,Champions
17025,115,1,848.7,2,1,4,214,Lost
16036,94,1,848.68,2,1,4,214,Lost
16727,96,2,848.4400000000002,2,3,4,234,At Risk
15241,45,2,848.26,3,3,4,334,Loyal Customers
12645,121,2,846.74,1,3,4,134,At Risk
14566,8,1,845.0,5,1,4,514,New Customers
17897,25,4,844.48,4,5,4,454,Champions
17638,121,2,842.4,1,3,4,134,At Risk
17351,19,6,842.2800000000001,4,5,4,454,Champions
16950,5,3,841.8199999999998,5,4,4,544,Champions
15704,57,1,841.1700000000004,3,1,4,314,Needs Attention
17757,16,7,840.3399999999999,5,5,4,554,Champions
17236,1,5,839.9800000000001,5,5,4,554,Champions
13539,9,3,839.6200000000001,5,4,4,544,Champions
17332,2,5,838.2699999999998,5,5,4,554,Champions
12582,52,1,837.1100000000001,3,1,4,314,Needs Attention
15430,2,1,836.75,5,1,4,514,New Customers
13425,53,1,836.5600000000002,3,1,4,314,Needs Attention
14556,70,3,835.3400000000006,2,4,4,244,At Risk
15402,14,2,833.5399999999997,5,3,4,534,Loyal Customers
13647,40,2,832.2000000000002,3,3,4,334,Loyal Customers
13772,57,2,832.0799999999997,3,3,4,334,Loyal Customers
13175,56,2,831.4500000000003,3,3,4,334,Loyal Customers
13895,210,1,831.0000000000002,1,1,4,114,Lost
14745,38,4,829.05,3,5,4,354,Loyal Customers
17268,46,5,827.45,3,5,4,354,Loyal Customers
13259,47,6,827.010000000001,3,5,4,354,Loyal Customers
13778,8,2,825.24,5,3,4,534,Loyal Customers
12695,2,3,825.0200000000002,5,4,4,544,Champions
15789,17,3,824.5699999999997,4,4,4,444,Champions
16101,35,1,823.51,4,1,4,414,New Customers
17774,108,2,823.2799999999996,2,3,4,234,At Risk
16320,155,1,823.1499999999999,1,1,4,114,Lost
12928,6,2,818.39,5,3,4,534,Loyal Customers
13612,107,1,818.29,2,1,4,214,Lost
16607,18,3,817.6900000000003,4,4,4,444,Champions
13361,92,1,817.25,2,1,4,214,Lost
15696,21,4,817.0200000000001,4,5,4,454,Champions
17553,85,1,816.0,2,1,4,214,Lost
13294,120,1,815.7899999999997,1,1,4,114,Lost
13377,120,1,815.3200000000002,1,1,4,114,Lost
16233,39,3,814.85,3,4,4,344,Loyal Customers
16768,19,4,813.1799999999998,4,5,4,454,Champions
15625,19,3,811.2699999999999,4,4,4,444,Champions
16788,24,2,810.9200000000009,4,3,4,434,Loyal Customers
17050,6,3,810.5999999999999,5,4,4,544,Champions
14640,99,2,807.1000000000005,2,3,4,234,At Risk
13538,130,2,803.5400000000001,1,3,4,134,At Risk
14534,4,3,802.27,5,4,4,544,Champions
15309,85,4,797.9600000000003,2,5,4,254,At Risk
16767,64,1,797.16,3,1,4,314,Needs Attention
13635,199,2,797.1500000000001,1,3,4,134,At Risk
14710,15,6,797.0399999999998,5,5,4,554,Champions
13431,9,3,796.0500000000001,5,4,4,544,Champions
17150,40,4,795.6500000000001,3,5,4,354,Loyal Customers
14055,52,2,795.3199999999999,3,3,4,334,Loyal Customers
16307,16,2,794.9200000000001,5,3,4,534,Loyal Customers
16702,40,3,794.9199999999998,3,4,4,344,Loyal Customers
15793,74,3,792.5800000000002,2,4,4,244,At Risk
13414,4,2,791.22,5,3,4,534,Loyal Customers
15889,58,5,789.9400000000004,3,5,4,354,Loyal Customers
14533,52,2,789.71,3,3,4,334,Loyal Customers
15611,33,8,788.6800000000001,4,5,4,454,Champions
12785,10,2,788.45,5,3,4,534,Loyal Customers
15254,21,2,787.99,4,3,4,434,Loyal Customers
15221,67,2,787.15,3,3,4,334,Loyal Customers
13965,143,2,786.0100000000002,1,3,4,134,At Risk
15822,25,3,785.2899999999997,4,4,4,444,Champions
13450,21,3,784.4000000000003,4,4,4,444,Champions
14522,70,4,784.0800000000003,2,5,4,254,At Risk
13126,69,2,782.2900000000002,2,3,4,234,At Risk
12649,58,3,781.7999999999997,3,4,4,344,Loyal Customers
13287,77,3,781.5900000000001,2,4,4,244,At Risk
16281,156,1,781.52,1,1,4,114,Lost
13019,40,4,780.85,3,5,4,354,Loyal Customers
12360,38,3,780.0399999999998,3,4,4,344,Loyal Customers
15493,87,2,779.9400000000005,2,3,4,234,At Risk
15794,210,2,777.0,1,3,4,134,At Risk
17137,10,4,775.8299999999999,5,5,4,554,Champions
12370,99,3,774.6200000000001,2,4,4,244,At Risk
13709,22,3,771.3300000000004,4,4,4,444,Champions
15910,21,4,770.3699999999993,4,5,4,454,Champions
14967,134,2,769.6100000000001,1,3,4,134,At Risk
16835,3,2,769.3900000000001,5,3,4,534,Loyal Customers
16206,22,3,768.8800000000003,4,4,4,444,Champions
17345,8,5,768.5999999999998,5,5,4,554,Champions
15288,69,2,768.5600000000005,2,3,4,234,At Risk
17356,29,4,768.25,4,5,4,454,Champions
15571,32,4,766.3900000000001,4,5,4,454,Champions
17047,84,2,765.9300000000003,2,3,4,234,At Risk
17690,107,2,765.3699999999999,2,3,4,234,At Risk
17310,9,1,765.0,5,1,4,514,New Customers
15067,81,1,764.6400000000001,2,1,4,214,Lost
17343,40,3,764.05,3,4,4,344,Loyal Customers
17582,8,3,763.5899999999999,5,4,4,544,Champions
17075,106,4,763.1799999999998,2,5,4,254,At Risk
12373,98,2,763.0500000000002,2,3,4,234,At Risk
12426,137,1,762.48,1,1,4,114,Lost
16341,84,1,762.2800000000002,2,1,4,214,Lost
13946,109,2,760.95,2,3,4,234,At Risk
13023,3,1,759.1299999999999,5,1,4,514,New Customers
15422,44,2,758.6999999999998,3,3,4,334,Loyal Customers
16960,31,2,755.83,4,3,4,434,Loyal Customers
17623,11,3,753.2199999999998,5,4,4,544,Champions
12765,23,4,750.7,4,5,4,454,Champions
14796,92,4,750.6500000000002,2,5,4,254,At Risk
16071,1,3,750.5600000000001,5,4,4,544,Champions
15953,4,4,750.34,5,5,4,554,Champions
13415,104,3,749.6700000000001,2,4,4,244,At Risk
15439,128,2,748.8500000000001,1,3,4,134,At Risk
13727,86,6,746.57,2,5,4,254,At Risk
16451,35,2,746.1800000000001,4,3,4,434,Loyal Customers
14639,136,1,745.47,1,1,4,114,Lost
13595,54,2,745.0300000000005,3,3,4,334,Loyal Customers
14837,66,2,743.2300000000001,3,3,4,334,Loyal Customers
18275,52,2,741.8499999999999,3,3,4,334,Loyal Customers
17734,2,3,741.6899999999999,5,4,4,544,Champions
16595,80,2,741.3500000000003,2,3,4,234,At Risk
16059,5,3,739.91,5,4,4,544,Champions
16229,15,2,739.7999999999998,5,3,4,534,Loyal Customers
14277,53,3,739.3899999999999,3,4,4,344,Loyal Customers
14562,7,5,737.8200000000002,5,5,4,554,Champions
13286,74,1,734.9100000000001,2,1,4,214,Lost
15259,76,2,734.9000000000001,2,3,3,233,At Risk
12960,51,2,733.5699999999999,3,3,3,333,Loyal Customers
14870,123,2,732.1000000000001,1,3,3,133,At Risk
17825,73,4,731.9599999999999,2,5,3,253,At Risk
15299,171,1,731.52,1,1,3,113,Lost
17681,71,5,731.2,2,5,3,253,At Risk
14474,54,1,730.4200000000003,3,1,3,313,Needs Attention
13890,55,3,730.2900000000002,3,4,3,343,Loyal Customers
13662,8,4,729.1499999999997,5,5,3,553,Loyal Customers
18163,58,1,728.8399999999999,3,1,3,313,Needs Attention
14177,53,6,728.5500000000002,3,5,3,353,Loyal Customers
12786,84,1,728.5000000000001,2,1,3,213,Lost
14748,91,2,727.1199999999998,2,3,3,233,At Risk
16912,131,2,725.8400000000001,1,3,3,133,At Risk
15073,70,2,725.7799999999997,2,3,3,233,At Risk
14343,108,2,725.6899999999997,2,3,3,233,At Risk
18187,106,1,724.8900000000004,2,1,3,213,Lost
12703,107,3,722.9799999999998,2,4,3,243,At Risk
13610,43,4,722.9300000000005,3,5,3,353,Loyal Customers
14204,10,2,722.8700000000002,5,3,3,533,Loyal Customers
13057,4,3,722.0899999999999,5,4,3,543,Loyal Customers
15695,72,2,721.0599999999997,2,3,3,233,At Risk
14205,2,3,720.6999999999999,5,4,3,543,Loyal Customers
13707,11,1,720.4999999999998,5,1,3,513,New Customers
16993,50,1,719.8,3,1,3,313,Needs Attention
17499,36,1,718.5099999999999,4,1,3,413,New Customers
16119,11,3,718.34,5,4,3,543,Loyal Customers
15157,43,2,718.04,3,3,3,333,Loyal Customers
13604,133,1,717.6200000000001,1,1,3,113,Lost
17348,66,2,716.9699999999997,3,3,3,333,Loyal Customers
14315,38,2,716.6900000000002,3,3,3,333,Loyal Customers
12589,164,1,715.5000000000001,1,1,3,113,Lost
14623,8,3,715.38,5,4,3,543,Loyal Customers
13360,168,2,715.15,1,3,3,133,At Risk
17491,22,2,714.8,4,3,3,433,Loyal Customers
15845,11,3,714.5100000000001,5,4,3,543,Loyal Customers
15865,177,1,714.0499999999998,1,1,3,113,Lost
12525,31,2,713.83,4,3,3,433,Loyal Customers
16130,28,3,713.25,4,4,3,443,Loyal Customers
17158,22,2,713.0300000000001,4,3,3,433,Loyal Customers
15034,51,1,708.9200000000002,3,1,3,313,Needs Attention
13963,21,4,708.54,4,5,3,453,Loyal Customers
12485,3,1,708.1000000000001,5,1,3,513,New Customers
16177,42,2,707.28,3,3,3,333,Loyal Customers
12484,124,3,706.8000000000001,1,4,3,143,At Risk
17478,107,1,706.1999999999999,2,1,3,213,Lost
16787,96,2,705.16,2,3,3,233,At Risk
15095,71,2,704.89,2,3,3,233,At Risk
16515,15,1,704.5900000000001,5,1,3,513,New Customers
14038,148,1,704.5500000000003,1,1,3,113,Lost
14284,128,1,704.4000000000001,1,1,3,113,Lost
17730,29,2,704.1400000000001,4,3,3,433,Loyal Customers
17419,15,3,703.8599999999998,5,4,3,543,Loyal Customers
15600,17,2,703.54,4,3,3,433,Loyal Customers
15970,73,1,703.2199999999999,2,1,3,213,Lost
17676,2,2,700.87,5,3,3,533,Loyal Customers
15550,149,4,700.7100000000002,1,5,3,153,At Risk
12637,17,1,697.84,4,1,3,413,New Customers
13026,65,3,696.8799999999999,3,4,3,343,Loyal Customers
16275,115,1,695.84,2,1,3,213,Lost
16704,92,2,695.6600000000003,2,3,3,233,At Risk
15590,58,3,694.76,3,4,3,343,Loyal Customers
14080,103,3,694.6499999999999,2,4,3,243,At Risk
13203,7,3,694.32,5,4,3,543,Loyal Customers
14628,116,2,693.7300000000002,2,3,3,233,At Risk
13821,168,3,692.2000000000002,1,4,3,143,At Risk
14890,93,2,691.6,2,3,3,233,At Risk
12516,73,1,689.4600000000002,2,1,3,213,Lost
17071,25,2,688.8700000000001,4,3,3,433,Loyal Customers
13824,35,3,688.26,4,4,3,443,Loyal Customers
13211,53,4,688.1500000000001,3,5,3,353,Loyal Customers
16608,138,1,687.4000000000001,1,1,3,113,Lost
17017,16,2,687.3199999999999,5,3,3,533,Loyal Customers
14809,95,2,686.7600000000001,2,3,3,233,At Risk
15167,147,1,686.0300000000002,1,1,3,113,Lost
16329,119,2,685.25,2,3,3,233,At Risk
16444,19,4,684.9700000000001,4,5,3,453,Loyal Customers
13585,5,3,684.54,5,4,3,543,Loyal Customers
13842,22,5,683.5400000000002,4,5,3,453,Loyal Customers
13410,173,2,682.9200000000001,1,3,3,133,At Risk
16934,32,2,681.26,4,3,3,433,Loyal Customers
18271,84,2,680.8499999999999,2,3,3,233,At Risk
16085,93,3,679.65,2,4,3,243,At Risk
14151,147,2,679.4499999999998,1,3,3,133,At Risk
16232,24,1,678.75,4,1,3,413,New Customers
15489,3,3,678.7000000000003,5,4,3,543,Loyal Customers
13814,1,1,678.1999999999999,5,1,3,513,New Customers
14978,15,3,677.0600000000002,5,4,3,543,Loyal Customers
18093,70,2,674.6300000000001,2,3,3,233,At Risk
14905,80,3,674.2,2,4,3,243,At Risk
13760,9,2,674.04,5,3,3,533,Loyal Customers
17218,91,3,673.0899999999999,2,4,3,243,At Risk
14304,45,1,671.97,3,1,3,313,Needs Attention
14715,36,2,671.5200000000001,4,3,3,433,Loyal Customers
12412,13,1,670.88,5,1,3,513,New Customers
13797,42,2,666.87,3,3,3,333,Loyal Customers
14264,46,2,666.84,3,3,3,333,Loyal Customers
17222,64,4,665.61,3,5,3,353,Loyal Customers
15279,104,2,665.53,2,3,3,233,At Risk
13722,120,1,664.5400000000001,1,1,3,113,Lost
14309,25,1,664.2399999999998,4,1,3,413,New Customers
16132,18,2,664.2,4,3,3,433,Loyal Customers
13583,153,1,664.0010000000001,1,1,3,113,Lost
16471,43,2,663.2299999999999,3,3,3,333,Loyal Customers
17201,24,2,662.7900000000004,4,3,3,433,Loyal Customers
18259,154,2,662.6999999999999,1,3,3,133,At Risk
16862,21,4,662.33,4,5,3,453,Loyal Customers
15223,84,3,662.1999999999999,2,4,3,243,At Risk
17463,35,2,661.4999999999998,4,3,3,433,Loyal Customers
16434,91,3,661.2799999999997,2,4,3,243,At Risk
17454,17,4,661.11,4,5,3,453,Loyal Customers
15097,57,2,660.27,3,3,3,333,Loyal Customers
12875,76,2,659.52,2,3,3,233,At Risk
15393,42,3,659.4800000000001,3,4,3,343,Loyal Customers
13622,170,1,658.95,1,1,3,113,Lost
15227,45,2,658.86,3,3,3,333,Loyal Customers
14915,3,4,658.6100000000001,5,5,3,553,Loyal Customers
12745,48,2,658.48,3,3,3,333,Loyal Customers
15715,30,5,658.02,4,5,3,453,Loyal Customers
12530,72,2,657.5400000000001,2,3,3,233,At Risk
16159,121,2,657.01,1,3,3,133,At Risk
13297,17,1,656.57,4,1,3,413,New Customers
14400,106,1,656.2500000000002,2,1,3,213,Lost
13382,93,3,655.6500000000001,2,4,3,243,At Risk
14558,128,3,655.5,1,4,3,143,At Risk
13285,74,2,655.47,2,3,3,233,At Risk
15912,44,6,654.9900000000001,3,5,3,353,Loyal Customers
16037,19,2,654.3200000000002,4,3,3,433,Loyal Customers
13591,58,3,653.8100000000001,3,4,3,343,Loyal Customers
13201,38,2,653.0800000000002,3,3,3,333,Loyal Customers
13589,1,3,652.5900000000001,5,4,3,543,Loyal Customers
13781,66,2,650.9899999999998,3,3,3,333,Loyal Customers
14608,39,3,650.39,3,4,3,343,Loyal Customers
15303,40,2,650.1600000000001,3,3,3,333,Loyal Customers
12598,120,2,649.7099999999999,1,3,3,133,At Risk
15064,50,2,648.7800000000001,3,3,3,333,Loyal Customers
17642,95,2,648.71,2,3,3,233,At Risk
16520,63,2,648.3799999999999,3,3,3,333,Loyal Customers
16987,80,3,646.1000000000001,2,4,3,243,At Risk
12857,63,2,644.6500000000001,3,3,3,333,Loyal Customers
16884,30,2,644.08,4,3,3,433,Loyal Customers
16807,49,2,643.8000000000003,3,3,3,333,Loyal Customers
17221,66,3,643.3899999999999,3,4,3,343,Loyal Customers
12840,23,2,641.69,4,3,3,433,Loyal Customers
18219,22,4,641.04,4,5,3,453,Loyal Customers
17155,2,5,640.76,5,5,3,553,Loyal Customers
15183,22,3,639.93,4,4,3,443,Loyal Customers
16680,2,2,637.75,5,3,3,533,Loyal Customers
16416,129,1,637.44,1,1,3,113,Lost
12580,51,1,637.2,3,1,3,313,Needs Attention
15860,33,5,636.97,4,5,3,453,Loyal Customers
16805,51,3,636.6499999999995,3,4,3,343,Loyal Customers
15025,42,1,636.0799999999998,3,1,3,313,Needs Attention
15420,32,5,636.0,4,5,3,453,Loyal Customers
16534,116,1,635.9000000000002,2,1,3,213,Lost
14430,81,1,635.5,2,1,3,213,Lost
17220,113,4,634.9399999999996,2,5,3,253,At Risk
14541,69,4,634.5799999999998,2,5,3,253,At Risk
16053,85,1,632.6600000000002,2,1,3,213,Lost
16377,92,1,632.28,2,1,3,213,Lost
13863,16,2,632.1199999999999,5,3,3,533,Loyal Customers
14285,36,3,631.55,4,4,3,443,Loyal Customers
15070,65,2,630.8500000000003,3,3,3,333,Loyal Customers
13889,125,2,630.6800000000001,1,3,3,133,At Risk
17095,105,2,629.9300000000002,2,3,3,233,At Risk
14920,39,1,629.4000000000002,3,1,3,313,Needs Attention
15747,10,3,628.7699999999999,5,4,3,543,Loyal Customers
17259,3,2,628.69,5,3,3,533,Loyal Customers
16846,51,2,628.09,3,3,3,333,Loyal Customers
13613,100,2,627.5,2,3,3,233,At Risk
15879,43,2,625.2200000000001,3,3,3,333,Loyal Customers
13740,51,2,622.5900000000001,3,3,3,333,Loyal Customers
15192,49,2,622.07,3,3,3,333,Loyal Customers
14897,67,2,621.66,3,3,3,333,Loyal Customers
14924,84,2,620.96,2,3,3,233,At Risk
16634,95,2,619.2000000000002,2,3,3,233,At Risk
13020,37,2,618.96,4,3,3,433,Loyal Customers
16795,157,1,617.97,1,1,3,113,Lost
15956,25,2,617.5999999999998,4,3,3,433,Loyal Customers
13919,15,1,617.27,5,1,3,513,New Customers
14467,24,4,616.5800000000002,4,5,3,453,Loyal Customers
13304,20,2,616.1499999999999,4,3,3,433,Loyal Customers
16844,37,2,614.34,4,3,3,433,Loyal Customers
15797,55,2,613.6800000000001,3,3,3,333,Loyal Customers
17388,22,4,613.3699999999999,4,5,3,453,Loyal Customers
15199,9,2,613.25,5,3,3,533,Loyal Customers
16756,11,3,612.8700000000001,5,4,3,543,Loyal Customers
12926,121,2,612.4,1,3,3,133,At Risk
15988,25,2,612.0600000000001,4,3,3,433,Loyal Customers
17594,79,1,611.7000000000003,2,1,3,213,Lost
17209,123,3,611.6000000000004,1,4,3,143,At Risk
13465,60,1,611.5000000000001,3,1,3,313,Needs Attention
16922,47,1,611.08,3,1,3,313,Needs Attention
17694,37,1,610.87,4,1,3,413,New Customers
14871,24,4,610.7899999999997,4,5,3,453,Loyal Customers
16293,44,2,610.3100000000001,3,3,3,333,Loyal Customers
14839,54,2,609.0799999999999,3,3,3,333,Loyal Customers
18106,123,3,609.0299999999999,1,4,3,143,At Risk
18171,105,2,607.75,2,3,3,233,At Risk
12371,119,2,607.6800000000002,2,3,3,233,At Risk
13531,70,2,607.3100000000001,2,3,3,233,At Risk
12877,28,3,606.76,4,4,3,443,Loyal Customers
14861,147,3,606.36,1,4,3,143,At Risk
14682,9,3,606.17,5,4,3,543,Loyal Customers
13223,3,3,604.3200000000002,5,4,3,543,Loyal Customers
12998,84,2,604.1,2,3,3,233,At Risk
18058,15,2,603.9000000000001,5,3,3,533,Loyal Customers
15803,150,1,603.8000000000001,1,1,3,113,Lost
15841,194,2,603.75,1,3,3,133,At Risk
16212,93,2,603.37,2,3,3,233,At Risk
18044,13,3,602.06,5,4,3,543,Loyal Customers
16955,29,2,601.6399999999999,4,3,3,433,Loyal Customers
14409,41,1,600.05,3,1,3,313,Needs Attention
15573,92,3,599.7299999999999,2,4,3,243,At Risk
15978,118,1,599.1200000000001,2,1,3,213,Lost
17227,21,4,599.0000000000001,4,5,3,453,Loyal Customers
17845,29,4,598.1899999999999,4,5,3,453,Loyal Customers
15681,24,2,598.0,4,3,3,433,Loyal Customers
15631,116,1,596.6700000000001,2,1,3,213,Lost
17176,1,2,596.19,5,3,3,533,Loyal Customers
17768,154,3,595.2700000000001,1,4,3,143,At Risk
13501,44,1,595.17,3,1,3,313,Needs Attention
14427,106,1,595.1,2,1,3,213,Lost
17341,14,2,594.8699999999999,5,3,3,533,Loyal Customers
14771,95,2,594.6199999999998,2,3,3,233,At Risk
15929,118,1,594.0,2,1,3,213,Lost
13985,36,2,593.23,4,3,3,433,Loyal Customers
16654,23,2,592.5000000000001,4,3,3,433,Loyal Customers
18149,26,2,591.6899999999999,4,3,3,433,Loyal Customers
15665,109,1,591.43,2,1,3,213,Lost
16574,133,1,590.91,1,1,3,113,Lost
15325,58,3,590.83,3,4,3,343,Loyal Customers
14372,73,1,590.35,2,1,3,213,Lost
14605,71,3,589.96,2,4,3,243,At Risk
18173,87,1,589.52,2,1,3,213,Lost
13761,49,2,589.3999999999999,3,3,3,333,Loyal Customers
13514,54,2,588.7,3,3,3,333,Loyal Customers
12599,23,2,588.68,4,3,3,433,Loyal Customers
17929,123,2,588.6,1,3,3,133,At Risk
14947,4,3,588.52,5,4,3,543,Loyal Customers
16138,4,2,588.51,5,3,3,533,Loyal Customers
15944,200,1,588.4000000000001,1,1,3,113,Lost
17043,44,2,587.4999999999998,3,3,3,333,Loyal Customers
12909,38,2,586.61,3,3,3,333,Loyal Customers
17962,23,3,584.5900000000001,4,4,3,443,Loyal Customers
17853,210,1,584.3499999999999,1,1,3,113,Lost
15478,49,1,583.5600000000001,3,1,3,313,Needs Attention
15164,24,3,582.8500000000001,4,4,3,443,Loyal Customers
16802,153,2,582.61,1,3,3,133,At Risk
13782,47,4,582.3399999999998,3,5,3,353,Loyal Customers
13497,99,3,582.2300000000001,2,4,3,243,At Risk
17099,7,1,582.1700000000001,5,1,3,513,New Customers
14853,17,2,581.87,4,3,3,433,Loyal Customers
14454,32,3,581.3500000000001,4,4,3,443,Loyal Customers
13655,64,2,580.58,3,3,3,333,Loyal Customers
12514,116,1,580.08,2,1,3,213,Lost
15081,1,2,579.9,5,3,3,533,Loyal Customers
15588,152,1,579.6,1,1,3,113,Lost
15959,156,3,579.4899999999999,1,4,3,143,At Risk
14478,156,2,578.68,1,3,3,133,At Risk
18108,71,2,577.8100000000001,2,3,3,233,At Risk
16774,72,2,576.0999999999999,2,3,3,233,At Risk
16623,11,2,575.54,5,3,3,533,Loyal Customers
15638,67,2,575.4000000000001,3,3,3,333,Loyal Customers
17189,35,3,573.23,4,4,3,443,Loyal Customers
13179,93,1,572.3100000000001,2,1,3,213,Lost
17438,16,3,572.2800000000001,5,4,3,543,Loyal Customers
14893,92,1,571.7600000000001,2,1,3,213,Lost
12724,9,1,571.4000000000001,5,1,3,513,New Customers
16838,4,2,570.7600000000001,5,3,3,533,Loyal Customers
13190,18,3,570.6600000000001,4,4,3,443,Loyal Customers
15580,5,4,570.5799999999997,5,5,3,553,Loyal Customers
16256,72,1,569.8399999999999,2,1,3,213,Lost
14114,18,2,569.35,4,3,3,433,Loyal Customers
12440,192,1,568.5100000000002,1,1,3,113,Lost
13587,137,1,568.3,1,1,3,113,Lost
15660,6,4,567.5,5,5,3,553,Loyal Customers
14987,193,4,566.6999999999999,1,5,3,153,At Risk
15091,149,2,565.9,1,3,3,133,At Risk
12389,41,2,563.0300000000001,3,3,3,333,Loyal Customers
17195,129,1,562.9799999999999,1,1,3,113,Lost
16895,21,3,562.1299999999999,4,4,3,443,Loyal Customers
17021,58,2,561.93,3,3,3,333,Loyal Customers
18220,57,2,561.2800000000001,3,3,3,333,Loyal Customers
13064,24,2,561.25,4,3,3,433,Loyal Customers
13856,6,6,561.25,5,5,3,553,Loyal Customers
16369,36,2,559.45,4,3,3,433,Loyal Customers
16158,19,8,557.17,4,5,3,453,Loyal Customers
16472,72,1,557.0400000000001,2,1,3,213,Lost
13168,16,1,556.12,5,1,3,513,New Customers
12791,74,4,555.1099999999999,2,5,3,253,At Risk
14573,18,4,554.8999999999999,4,5,3,453,Loyal Customers
15102,5,2,554.6700000000001,5,3,3,533,Loyal Customers
12837,43,1,554.3099999999997,3,1,3,313,Needs Attention
14061,198,2,553.43,1,3,3,133,At Risk
17016,51,1,552.4000000000001,3,1,3,313,Needs Attention
13643,58,3,551.55,3,4,3,343,Loyal Customers
14437,4,2,550.9399999999999,5,3,3,533,Loyal Customers
17194,4,1,549.8799999999999,5,1,3,513,New Customers
15774,47,3,549.5399999999997,3,4,3,343,Loyal Customers
12664,201,1,549.08,1,1,3,113,Lost
13288,127,2,548.64,1,3,3,133,At Risk
15268,80,1,547.5999999999999,2,1,3,213,Lost
13663,121,1,545.45,1,1,3,113,Lost
15605,63,4,543.7199999999999,3,5,3,353,Loyal Customers
16062,10,1,543.3200000000003,5,1,3,513,New Customers
16040,4,2,541.3,5,3,3,533,Loyal Customers
14584,1,3,541.2499999999997,5,4,3,543,Loyal Customers
15542,212,2,540.73,1,3,3,133,At Risk
12838,29,3,539.84,4,4,3,443,Loyal Customers
12507,59,1,539.2499999999998,3,1,3,313,Needs Attention
14260,23,1,538.8000000000001,4,1,3,413,New Customers
13712,85,1,537.58,2,1,3,213,Lost
14431,162,1,537.2500000000001,1,1,3,113,Lost
12726,21,2,536.88,4,3,3,433,Loyal Customers
17764,14,2,535.71,5,3,3,533,Loyal Customers
17990,15,2,535.6800000000002,5,3,3,533,Loyal Customers
14389,2,2,535.35,5,3,3,533,Loyal Customers
12810,9,2,534.9899999999999,5,3,3,533,Loyal Customers
17801,23,2,534.4600000000002,4,3,3,433,Loyal Customers
14583,7,2,534.0799999999996,5,3,3,533,Loyal Customers
13976,64,2,532.8199999999999,3,3,3,333,Loyal Customers
13405,43,2,532.7599999999999,3,3,3,333,Loyal Customers
14037,119,3,530.8200000000002,2,4,3,243,At Risk
16470,28,4,530.3599999999999,4,5,3,453,Loyal Customers
14798,6,4,530.17,5,5,3,553,Loyal Customers
16794,39,3,529.8499999999998,3,4,3,343,Loyal Customers
13705,13,2,529.8,5,3,3,533,Loyal Customers
14563,66,1,529.7899999999997,3,1,3,313,Needs Attention
15757,21,1,529.07,4,1,3,413,New Customers
14484,112,2,528.6800000000001,2,3,3,233,At Risk
17871,52,2,528.5799999999999,3,3,3,333,Loyal Customers
15664,56,2,527.7800000000001,3,3,3,333,Loyal Customers
15602,99,3,527.4,2,4,3,243,At Risk
13462,112,3,526.46,2,4,3,243,At Risk
17908,73,2,525.6199999999998,2,3,3,233,At Risk
16947,35,3,525.3300000000002,4,4,3,443,Loyal Customers
13892,50,1,525.24,3,1,3,313,Needs Attention
13920,36,1,523.6499999999999,4,1,3,413,New Customers
14167,25,3,523.2499999999999,4,4,3,443,Loyal Customers
17362,84,4,522.8700000000002,2,5,3,253,At Risk
12805,80,2,520.2,2,3,3,233,At Risk
18276,73,2,518.97,2,3,3,233,At Risk
15186,50,2,518.86,3,3,3,333,Loyal Customers
15152,175,1,518.1400000000001,1,1,3,113,Lost
13553,149,1,517.8,1,1,3,113,Lost
12979,203,1,517.6999999999999,1,1,3,113,Lost
13220,50,1,516.8,3,1,3,313,Needs Attention
16447,64,2,516.13,3,3,3,333,Loyal Customers
16419,52,2,515.1899999999998,3,3,3,333,Loyal Customers
16359,22,4,513.33,4,5,3,453,Loyal Customers
17289,84,3,512.54,2,4,3,243,At Risk
15245,69,1,512.26,2,1,3,213,Lost
15058,67,2,511.25,3,3,3,333,Loyal Customers
14549,68,2,510.31,2,3,3,233,At Risk
13984,1,4,509.9199999999999,5,5,3,553,Loyal Customers
13849,99,1,509.65,2,1,3,213,Lost
14984,26,3,509.50000000000006,4,4,3,443,Loyal Customers
17324,57,5,509.34000000000015,3,5,3,353,Loyal Customers
16292,19,2,509.2099999999999,4,3,3,433,Loyal Customers
16415,58,2,509.0899999999999,3,3,3,333,Loyal Customers
13388,78,1,508.55000000000007,2,1,3,213,Lost
15396,58,1,508.2000000000001,3,1,3,313,Needs Attention
14738,35,2,507.4499999999999,4,3,3,433,Loyal Customers
14872,59,2,506.76,3,3,3,333,Loyal Customers
14988,59,2,506.42,3,3,3,333,Loyal Customers
17683,28,1,506.19,4,1,3,413,New Customers
14754,1,3,505.43,5,4,3,543,Loyal Customers
12402,75,2,505.35,2,3,3,233,At Risk
13787,28,3,504.92999999999984,4,4,3,443,Loyal Customers
17609,55,3,503.5399999999999,3,4,3,343,Loyal Customers
14224,3,2,503.4799999999997,5,3,3,533,Loyal Customers
14701,159,1,501.2300000000001,1,1,3,113,Lost
12366,108,1,500.24,2,1,3,213,Lost
16222,195,1,498.5,1,1,3,113,Lost
15109,53,2,498.15,3,3,3,333,Loyal Customers
13000,199,1,497.6500000000001,1,1,3,113,Lost
14912,65,2,497.00000000000006,3,3,3,333,Loyal Customers
14882,1,4,497.0,5,5,3,553,Loyal Customers
13117,15,4,496.72,5,5,3,553,Loyal Customers
12943,32,2,496.4999999999999,4,3,3,433,Loyal Customers
17321,29,2,496.31,4,3,3,433,Loyal Customers
15278,36,4,496.16,4,5,3,453,Loyal Customers
14477,3,2,495.0,5,3,3,533,Loyal Customers
15549,17,4,493.9500000000001,4,5,3,453,Loyal Customers
13480,154,1,493.94,1,1,3,113,Lost
18181,35,3,493.12000000000006,4,4,3,443,Loyal Customers
18025,37,2,492.84,4,3,3,433,Loyal Customers
12873,156,1,492.4,1,1,3,113,Lost
17597,23,2,491.92,4,3,3,433,Loyal Customers
14139,23,2,490.8999999999998,4,3,3,433,Loyal Customers
12983,72,1,490.0799999999999,2,1,3,213,Lost
12634,10,2,490.0,5,3,3,533,Loyal Customers
12874,28,1,489.25999999999993,4,1,3,413,New Customers
17745,30,1,489.2300000000001,4,1,3,413,New Customers
12355,42,1,488.21,3,1,3,313,Needs Attention
15985,35,1,487.9200000000001,4,1,3,413,New Customers
14624,9,3,487.6600000000001,5,4,3,543,Loyal Customers
13412,94,1,487.35,2,1,3,213,Lost
16834,148,1,485.5,1,1,3,113,Lost
12443,206,1,485.31000000000006,1,1,3,113,Lost
17402,24,4,484.19,4,5,3,453,Loyal Customers
15713,94,2,482.94,2,3,3,233,At Risk
14272,37,2,482.8500000000001,4,3,3,433,Loyal Customers
16943,14,2,482.76,5,3,3,533,Loyal Customers
13897,151,1,482.67,1,1,3,113,Lost
17329,205,3,481.32,1,4,3,143,At Risk
16830,150,2,480.39,1,3,3,133,At Risk
18218,71,2,479.92,2,3,3,233,At Risk
14021,15,2,479.82,5,3,3,533,Loyal Customers
16374,62,1,479.7899999999999,3,1,3,313,Needs Attention
17228,45,3,479.17,3,4,3,343,Loyal Customers
13800,211,1,478.7,1,1,3,113,Lost
13280,119,1,478.5,2,1,3,213,Lost
13745,20,1,477.3200000000001,4,1,3,413,New Customers
16568,115,1,477.30000000000007,2,1,3,213,Lost
14334,43,1,476.8899999999999,3,1,3,313,Needs Attention
14788,70,1,476.8799999999998,2,1,3,213,Lost
15792,93,1,476.8399999999999,2,1,3,213,Lost
16139,197,2,475.74000000000007,1,3,3,133,At Risk
14230,22,1,475.5,4,1,3,413,New Customers
13249,8,4,474.72,5,5,3,553,Loyal Customers
17432,49,3,474.4500000000001,3,4,3,343,Loyal Customers
16092,53,2,473.4199999999999,3,3,3,333,Loyal Customers
14850,42,2,473.3199999999999,3,3,3,333,Loyal Customers
12849,65,1,472.2900000000001,3,1,3,313,Needs Attention
14302,137,2,471.25000000000006,1,3,3,133,At Risk
17290,28,4,469.88,4,5,3,453,Loyal Customers
16075,38,1,469.7000000000001,3,1,3,313,Needs Attention
14369,116,2,469.1299999999998,2,3,3,233,At Risk
14198,15,3,468.94999999999993,5,4,3,543,Loyal Customers
17731,96,2,468.88,2,3,3,233,At Risk
17857,116,1,468.0,2,1,3,213,Lost
17294,143,2,467.79,1,3,3,133,At Risk
15882,3,3,467.64,5,4,3,543,Loyal Customers
16390,11,3,467.5000000000001,5,4,3,543,Loyal Customers
15215,58,2,466.22000000000014,3,3,3,333,Loyal Customers
15784,146,1,466.19,1,1,3,113,Lost
16458,10,3,465.7999999999999,5,4,3,543,Loyal Customers
13698,71,2,465.53,2,3,3,233,At Risk
16493,97,1,465.5099999999999,2,1,3,213,Lost
14413,156,2,465.5,1,3,3,133,At Risk
17958,202,1,465.4199999999999,1,1,3,113,Lost
18060,39,1,464.4,3,1,3,313,Needs Attention
15101,27,2,463.52,4,3,3,433,Loyal Customers
16739,11,1,463.43,5,1,3,513,New Customers
14714,50,2,463.1199999999999,3,3,3,333,Loyal Customers
18286,198,1,462.9500000000001,1,1,3,113,Lost
12388,56,1,461.6200000000001,3,1,3,313,Needs Attention
18190,78,3,461.16,2,4,3,243,At Risk
12987,84,2,460.68,2,3,3,233,At Risk
16723,209,1,460.55000000000007,1,1,3,113,Lost
14813,85,1,460.3399999999999,2,1,3,213,Lost
16699,44,4,459.9899999999999,3,5,3,353,Loyal Customers
18141,63,1,458.27,3,1,3,313,Needs Attention
14958,69,3,458.25999999999993,2,4,3,243,At Risk
12826,196,1,458.2000000000001,1,1,3,113,Lost
15123,108,1,456.6599999999999,2,1,3,213,Lost
17350,22,2,456.5110000000001,4,3,3,433,Loyal Customers
17530,56,2,455.8699999999998,3,3,3,333,Loyal Customers
13699,24,1,455.57,4,1,3,413,New Customers
16823,101,2,455.38000000000005,2,3,3,233,At Risk
15264,4,1,454.66000000000014,5,1,3,513,New Customers
17067,199,3,454.54,1,4,3,143,At Risk
12459,79,1,454.36000000000007,2,1,3,213,Lost
17262,44,4,454.2,3,5,3,353,Loyal Customers
17005,63,1,453.75,3,1,3,313,Needs Attention
16481,156,1,453.38000000000005,1,1,3,113,Lost
15180,63,1,452.8399999999999,3,1,3,313,Needs Attention
16054,91,1,452.48,2,1,3,213,Lost
16391,10,2,452.3299999999999,5,3,3,533,Loyal Customers
18036,3,3,452.02999999999975,5,4,3,543,Loyal Customers
13939,3,3,451.6500000000001,5,4,3,543,Loyal Customers
18100,24,1,451.5599999999999,4,1,3,413,New Customers
14489,87,1,450.85,2,1,3,213,Lost
16499,3,2,449.64,5,3,3,533,Loyal Customers
15126,11,2,449.49,5,3,3,533,Loyal Customers
13101,35,2,449.31,4,3,3,433,Loyal Customers
18201,197,1,447.53,1,1,3,113,Lost
14108,205,2,447.0500000000001,1,3,3,133,At Risk
17368,17,2,446.9399999999999,4,3,3,433,Loyal Customers
14035,44,2,446.57,3,3,3,333,Loyal Customers
17142,7,2,446.5499999999999,5,3,3,533,Loyal Customers
12424,22,1,446.54,4,1,3,413,New Customers
14398,2,1,446.49,5,1,3,513,New Customers
15971,198,2,446.28,1,3,3,133,At Risk
17127,8,2,445.98,5,3,3,533,Loyal Customers
14010,39,2,445.1499999999999,3,3,3,333,Loyal Customers
18134,72,2,445.0,2,3,3,233,At Risk
14758,85,1,442.5,2,1,3,213,Lost
15887,30,1,442.1499999999999,4,1,3,413,New Customers
12975,208,1,441.6300000000001,1,1,3,113,Lost
14942,67,3,440.7799999999999,3,4,3,343,Loyal Customers
17048,80,2,440.23,2,3,3,233,At Risk
18247,23,2,440.03,4,3,3,433,Loyal Customers
15289,96,1,439.6199999999999,2,1,3,213,Lost
14979,209,1,439.4599999999998,1,1,3,113,Lost
13432,45,2,439.10000000000014,3,3,3,333,Loyal Customers
14679,205,1,438.74000000000007,1,1,3,113,Lost
17729,70,1,438.65,2,1,3,213,Lost
15917,80,4,437.5299999999999,2,5,3,253,At Risk
12945,130,1,437.1599999999999,1,1,3,113,Lost
17178,205,1,436.71,1,1,3,113,Lost
15759,15,3,436.5300000000001,5,4,3,543,Loyal Customers
12993,105,2,436.44999999999993,2,3,3,233,At Risk
14123,207,1,436.18,1,1,3,113,Lost
17758,42,1,434.96,3,1,3,313,Needs Attention
15323,37,3,434.5999999999999,4,4,3,443,Loyal Customers
17002,57,3,433.96,3,4,3,343,Loyal Customers
18029,116,1,433.77,2,1,3,213,Lost
15613,84,1,433.72,2,1,3,213,Lost
13803,93,1,433.5300000000001,2,1,3,213,Lost
16604,37,2,432.45,4,3,3,433,Loyal Customers
14042,199,1,431.98,1,1,3,113,Lost
16115,15,2,430.93000000000006,5,3,3,533,Loyal Customers
17842,76,1,430.6900000000001,2,1,3,213,Lost
14723,16,3,430.13999999999976,5,4,3,543,Loyal Customers
13413,114,6,429.44000000000005,2,5,3,253,At Risk
17285,102,2,428.3399999999999,2,3,3,233,At Risk
18285,135,1,427.0,1,1,3,113,Lost
16526,58,1,426.85,3,1,3,313,Needs Attention
18152,120,1,426.69,1,1,3,113,Lost
12792,9,1,426.4699999999999,5,1,3,513,New Customers
14512,52,3,426.35000000000014,3,4,3,343,Loyal Customers
15217,37,1,426.24,4,1,3,413,New Customers
12923,49,1,426.2,3,1,3,313,Needs Attention
17226,139,1,425.63000000000005,1,1,3,113,Lost
16978,140,2,424.5499999999999,1,3,3,133,At Risk
17103,196,1,424.2999999999999,1,1,3,113,Lost
16541,209,1,424.03,1,1,3,113,Lost
18062,72,1,422.75,2,1,3,213,Lost
16137,154,1,422.7,1,1,3,113,Lost
15055,67,2,422.6199999999997,3,3,3,333,Loyal Customers
12586,197,1,422.3499999999999,1,1,3,113,Lost
14425,197,2,422.2900000000001,1,3,3,133,At Risk
16926,23,1,422.04999999999984,4,1,3,413,New Customers
16847,92,1,421.44999999999993,2,1,3,213,Lost
13723,35,2,420.58,4,3,3,433,Loyal Customers
15711,31,2,420.25,4,3,3,433,Loyal Customers
18128,11,1,420.0399999999999,5,1,3,513,New Customers
13442,141,3,419.87,1,4,3,143,At Risk
15043,7,1,417.6599999999999,5,1,3,513,New Customers
16737,52,1,417.6,3,1,3,313,Needs Attention
14217,1,1,416.6,5,1,3,513,New Customers
13567,15,1,415.89,5,1,3,513,New Customers
13305,113,1,415.7800000000002,2,1,3,213,Lost
14208,25,1,415.31,4,1,3,413,New Customers
17805,84,1,414.72,2,1,3,213,Lost
12956,159,3,413.82,1,4,3,143,At Risk
15637,115,2,412.98,2,3,3,233,At Risk
17662,136,2,412.9200000000001,1,3,3,133,At Risk
15253,61,1,411.46,3,1,3,313,Needs Attention
13433,78,2,410.74,2,3,3,233,At Risk
14129,53,1,409.9200000000001,3,1,3,313,Needs Attention
12594,18,2,408.84,4,3,3,433,Loyal Customers
15207,21,1,408.0,4,1,3,413,New Customers
14507,124,2,407.9,1,3,3,133,At Risk
15426,60,1,407.56999999999977,3,1,3,313,Needs Attention
18071,195,2,407.55,1,3,3,133,At Risk
17141,158,2,406.44,1,3,3,133,At Risk
12741,3,2,406.07,5,3,3,533,Loyal Customers
18111,63,1,405.85,3,1,3,313,Needs Attention
13143,59,1,405.1,3,1,3,313,Needs Attention
13640,85,1,405.0,2,1,3,213,Lost
15941,111,1,405.0,2,1,3,213,Lost
14403,64,2,404.69999999999993,3,3,3,333,Loyal Customers
17746,84,1,404.58,2,1,3,213,Lost
17547,139,1,404.55,1,1,3,113,Lost
13752,2,1,404.44999999999993,5,1,3,513,New Customers
15994,110,1,404.1599999999999,2,1,3,213,Lost
14678,53,1,403.39,3,1,3,313,Needs Attention
12800,150,2,403.3299999999999,1,3,3,133,At Risk
13530,108,1,402.98,2,1,3,213,Lost
14172,79,3,402.72,2,4,3,243,At Risk
15807,140,1,401.94,1,1,3,113,Lost
14471,65,2,400.9500000000001,3,3,3,333,Loyal Customers
17011,121,2,400.80000000000007,1,3,3,133,At Risk
14420,166,1,400.8,1,1,3,113,Lost
16538,15,3,399.62000000000006,5,4,3,543,Loyal Customers
15255,18,2,399.44,4,3,3,433,Loyal Customers
17323,56,3,399.22,3,4,3,343,Loyal Customers
13891,56,1,398.4,3,1,3,313,Needs Attention
14902,28,1,398.3999999999999,4,1,3,413,New Customers
12842,212,1,397.2000000000001,1,1,3,113,Lost
13684,36,2,396.9200000000001,4,3,3,433,Loyal Customers
14793,9,1,396.91,5,1,3,513,New Customers
13276,116,1,396.82999999999976,2,1,3,213,Lost
14078,45,2,395.61,3,3,3,333,Loyal Customers
13879,120,1,395.5,1,1,3,113,Lost
17617,32,1,395.3299999999999,4,1,3,413,New Customers
12677,29,2,395.1,4,3,3,433,Loyal Customers
16948,10,3,394.8499999999999,5,4,3,543,Loyal Customers
15824,6,1,394.8,5,1,3,513,New Customers
16529,4,1,394.50000000000006,5,1,3,513,New Customers
16769,200,2,394.46,1,3,3,133,At Risk
13820,121,2,394.42,1,3,3,133,At Risk
12632,39,1,394.3200000000001,3,1,3,313,Needs Attention
15639,79,1,394.24,2,1,3,213,Lost
14104,22,2,394.14999999999975,4,3,3,433,Loyal Customers
13652,126,1,393.96,1,1,2,112,Lost
12499,34,1,393.72,4,1,2,412,New Customers
15137,154,1,392.8200000000001,1,1,2,112,Lost
17955,130,2,392.6,1,3,2,132,At Risk
17827,96,1,392.59,2,1,2,212,Lost
17361,150,2,392.44000000000005,1,3,2,132,At Risk
17563,52,2,392.3799999999999,3,3,2,332,Loyal Customers
14506,74,1,391.5,2,1,2,212,Lost
13598,53,3,391.38,3,4,2,342,Loyal Customers
14072,141,1,390.85,1,1,2,112,Lost
14706,93,1,390.69,2,1,2,212,Lost
17116,122,1,389.78,1,1,2,112,Lost
17270,206,1,389.6199999999999,1,1,2,112,Lost
15216,93,1,389.49,2,1,2,212,Lost
17479,107,1,389.2600000000001,2,1,2,212,Lost
15224,121,2,389.2,1,3,2,132,At Risk
14460,61,3,389.04,3,4,2,342,Loyal Customers
15416,151,1,389.03,1,1,2,112,Lost
15636,44,1,388.94000000000005,3,1,2,312,Needs Attention
13896,100,1,388.55,2,1,2,212,Lost
17709,65,2,387.72,3,3,2,332,Loyal Customers
14026,99,1,386.53,2,1,2,212,Lost
16492,15,1,385.56,5,1,2,512,New Customers
14826,56,2,385.2,3,3,2,332,Loyal Customers
17012,199,1,384.1599999999999,1,1,2,112,Lost
17560,44,2,383.6,3,3,2,332,Loyal Customers
13579,133,1,383.55,1,1,2,112,Lost
16099,67,2,383.2000000000001,3,3,2,332,Loyal Customers
17568,107,1,382.7899999999999,2,1,2,212,Lost
13012,66,1,381.89,3,1,2,312,Needs Attention
15428,111,2,381.72,2,3,2,232,At Risk
16304,169,1,381.6599999999999,1,1,2,112,Lost
17952,16,2,381.0599999999999,5,3,2,532,Loyal Customers
12796,102,1,381.0,2,1,2,212,Lost
17852,199,2,380.36000000000007,1,3,2,132,At Risk
16577,141,1,380.0,1,1,2,112,Lost
15219,123,1,379.69999999999993,1,1,2,112,Lost
18039,15,3,379.4599999999997,5,4,2,542,Loyal Customers
14200,91,1,379.2,2,1,2,212,Lost
18162,206,1,379.16,1,1,2,112,Lost
12778,77,1,378.5999999999999,2,1,2,212,Lost
16809,23,2,377.6900000000001,4,3,2,432,Loyal Customers
12941,198,1,377.4900000000001,1,1,2,112,Lost
17540,52,2,376.50000000000006,3,3,2,332,Loyal Customers
17773,164,1,376.25,1,1,2,112,Lost
14275,5,3,376.0799999999999,5,4,2,542,Loyal Customers
13688,109,1,375.5,2,1,2,212,Lost
17810,143,2,374.81,1,3,2,132,At Risk
12576,22,1,374.75000000000006,4,1,2,412,New Customers
16340,25,1,373.5300000000001,4,1,2,412,New Customers
17437,4,1,373.1699999999998,5,1,2,512,New Customers
13197,84,1,373.0100000000001,2,1,2,212,Lost
12346,3,11,372.8600000000001,5,5,2,552,Loyal Customers
18078,102,1,372.74000000000007,2,1,2,212,Lost
13164,43,2,372.2000000000001,3,3,2,332,Loyal Customers
15765,141,1,370.63,1,1,2,112,Lost
13540,130,2,369.25,1,3,2,132,At Risk
15477,124,1,368.4,1,1,2,112,Lost
16714,145,1,368.2699999999999,1,1,2,112,Lost
15800,92,4,367.58,2,5,2,252,At Risk
12379,8,1,367.48,5,1,2,512,New Customers
16792,62,2,367.19000000000005,3,3,2,332,Loyal Customers
14018,119,1,367.1500000000001,2,1,2,212,Lost
14244,135,1,366.42,1,1,2,112,Lost
17880,114,2,366.0,2,3,2,232,At Risk
15331,83,1,365.59,2,1,2,212,Lost
15029,94,1,365.1,2,1,2,212,Lost
12542,114,1,364.7899999999999,2,1,2,212,Lost
16266,16,3,364.62,5,4,2,542,Loyal Customers
17561,4,2,364.4699999999999,5,3,2,532,Loyal Customers
16287,115,2,364.3200000000001,2,3,2,232,At Risk
16825,8,1,363.3,5,1,2,512,New Customers
14324,167,1,361.81,1,1,2,112,Lost
13989,38,1,361.68000000000006,3,1,2,312,Needs Attention
13208,7,2,361.24,5,3,2,532,Loyal Customers
18091,67,1,360.85,3,1,2,312,Needs Attention
16007,17,1,360.5799999999999,4,1,2,412,New Customers
15562,200,1,360.5100000000001,1,1,2,112,Lost
17945,171,3,360.35,1,4,2,142,At Risk
16977,61,3,360.30000000000007,3,4,2,342,Loyal Customers
18208,40,1,360.08,3,1,2,312,Needs Attention
17382,1,4,360.0,5,5,2,552,Loyal Customers
15117,108,2,359.68999999999994,2,3,2,232,At Risk
14142,120,1,359.53000000000003,1,1,2,112,Lost
15691,64,2,359.5,3,3,2,332,Loyal Customers
17046,94,1,359.44,2,1,2,212,Lost
14919,13,1,359.35,5,1,2,512,New Customers
15572,78,1,359.11,2,1,2,212,Lost
15650,103,1,359.0799999999999,2,1,2,212,Lost
14130,202,1,358.32000000000016,1,1,2,112,Lost
17748,1,1,358.15,5,1,2,512,New Customers
13729,158,1,357.8799999999999,1,1,2,112,Lost
12495,115,1,357.4,2,1,2,212,Lost
15584,145,1,357.0400000000001,1,1,2,112,Lost
16889,40,1,357.0000000000001,3,1,2,312,Needs Attention
13234,147,2,356.94999999999993,1,3,2,132,At Risk
13544,31,3,356.93999999999994,4,4,2,442,Loyal Customers
18006,91,2,356.4799999999999,2,3,2,232,At Risk
17282,23,1,356.40000000000003,4,1,2,412,New Customers
15169,201,1,356.17,1,1,2,112,Lost
16707,22,3,355.58,4,4,2,442,Loyal Customers
13123,4,1,355.44000000000005,5,1,2,512,New Customers
14479,207,1,355.13,1,1,2,112,Lost
18283,95,3,354.42,2,4,2,242,At Risk
17490,44,1,353.14,3,1,2,312,Needs Attention
17780,141,3,352.90999999999985,1,4,2,142,At Risk
16763,212,1,352.85,1,1,2,112,Lost
13765,127,1,352.821,1,1,2,112,Lost
14859,29,1,351.90000000000003,4,1,2,412,New Customers
17749,20,1,351.66,4,1,2,412,New Customers
15945,167,2,351.31999999999994,1,3,2,132,At Risk
16192,210,1,351.29999999999995,1,1,2,112,Lost
13299,3,1,351.18000000000006,5,1,2,512,New Customers
14807,124,1,349.64,1,1,2,112,Lost
15084,120,1,349.40000000000003,1,1,2,112,Lost
14545,148,1,349.25,1,1,2,112,Lost
13921,15,2,349.1,5,3,2,532,Loyal Customers
17577,119,2,348.74999999999994,2,3,2,232,At Risk
15282,44,1,348.59000000000003,3,1,2,312,Needs Attention
12369,116,1,348.31999999999994,2,1,2,212,Lost
16906,49,2,347.55999999999995,3,3,2,332,Loyal Customers
15085,204,1,347.54,1,1,2,112,Lost
13109,25,1,347.48999999999995,4,1,2,412,New Customers
13252,100,1,346.90000000000003,2,1,2,212,Lost
14994,63,2,346.64999999999986,3,3,2,332,Loyal Customers
14724,64,1,345.25,3,1,2,312,Needs Attention
14375,15,1,344.99999999999983,5,1,2,512,New Customers
12494,50,1,344.87,3,1,2,312,Needs Attention
18199,158,1,344.75,1,1,2,112,Lost
17411,211,1,344.3999999999999,1,1,2,112,Lost
17692,15,1,343.6,5,1,2,512,New Customers
17380,9,1,343.2,5,1,2,512,New Customers
15191,163,2,342.74999999999994,1,3,2,132,At Risk
14989,136,1,342.3999999999999,1,1,2,112,Lost
17833,197,1,342.36,1,1,2,112,Lost
17353,98,1,342.0,2,1,2,212,Lost
17281,50,3,342.0,3,4,2,342,Loyal Customers
12575,1,1,341.8,5,1,2,512,New Customers
16585,68,2,341.59,2,3,2,232,At Risk
15818,62,1,340.5,3,1,2,312,Needs Attention
14338,11,1,339.88,5,1,2,512,New Customers
17545,52,1,339.79999999999995,3,1,2,312,Needs Attention
12698,64,1,339.75,3,1,2,312,Needs Attention
13434,130,1,339.18,1,1,2,112,Lost
14644,210,1,338.50000000000006,1,1,2,112,Lost
17296,204,1,338.13,1,1,2,112,Lost
15447,1,4,337.71000000000004,5,5,2,552,Loyal Customers
12869,156,1,337.67,1,1,2,112,Lost
18188,71,2,337.55000000000007,2,3,2,232,At Risk
12780,73,1,337.4000000000001,2,1,2,212,Lost
12880,49,1,337.18,3,1,2,312,Needs Attention
13154,210,1,337.1,1,1,2,112,Lost
17172,201,1,336.82000000000005,1,1,2,112,Lost
13461,71,1,336.6,2,1,2,212,Lost
17488,115,1,336.5,2,1,2,212,Lost
16273,122,2,336.04,1,3,2,132,At Risk
17631,142,3,335.76,1,4,2,142,At Risk
14966,198,2,335.12000000000006,1,3,2,132,At Risk
15068,95,1,334.86999999999995,2,1,2,212,Lost
13329,209,1,334.65000000000003,1,1,2,112,Lost
14873,108,1,334.45000000000005,2,1,2,212,Lost
17514,143,1,334.1799999999999,1,1,2,112,Lost
14202,31,2,333.21000000000004,4,3,2,432,Loyal Customers
14137,170,1,332.70000000000005,1,1,2,112,Lost
16452,105,2,332.17,2,3,2,232,At Risk
14949,123,3,330.77,1,4,2,142,At Risk
15878,36,2,330.76999999999987,4,3,2,432,Loyal Customers
15105,101,1,330.38,2,1,2,212,Lost
13559,18,1,330.0,4,1,2,412,New Customers
18186,197,1,329.58,1,1,2,112,Lost
16436,142,3,329.34,1,4,2,142,At Risk
15979,77,1,329.2199999999999,2,1,2,212,Lost
12588,72,1,328.8999999999999,2,1,2,212,Lost
16586,110,1,328.05,2,1,2,212,Lost
16109,173,1,327.6,1,1,2,112,Lost
13498,204,1,327.38,1,1,2,112,Lost
16939,95,2,327.09,2,3,2,232,At Risk
14070,159,1,326.54999999999995,1,1,2,112,Lost
17464,93,1,326.29,2,1,2,212,Lost
17439,129,1,325.74,1,1,2,112,Lost
13661,77,1,325.24000000000007,2,1,2,212,Lost
13656,69,1,325.15000000000003,2,1,2,212,Lost
15365,147,1,325.12000000000006,1,1,2,112,Lost
15982,79,1,324.50999999999993,2,1,2,212,Lost
14365,156,1,324.5,1,1,2,112,Lost
13834,51,2,324.19,3,3,2,332,Loyal Customers
17883,13,3,324.08,5,4,2,542,Loyal Customers
12920,45,3,323.86,3,4,2,342,Loyal Customers
16715,37,1,323.8,4,1,2,412,New Customers
14577,156,2,323.7399999999999,1,3,2,132,At Risk
17320,161,1,323.66,1,1,2,112,Lost
16641,176,1,323.40000000000003,1,1,2,112,Lost
13025,206,1,323.39,1,1,2,112,Lost
14986,158,1,323.37999999999994,1,1,2,112,Lost
16195,197,1,323.25,1,1,2,112,Lost
14832,104,1,322.69,2,1,2,212,Lost
13111,193,1,321.88000000000005,1,1,2,112,Lost
15373,25,3,321.67,4,4,2,442,Loyal Customers
15658,211,1,321.65000000000003,1,1,2,112,Lost
15770,87,1,321.45000000000005,2,1,2,212,Lost
18011,41,1,321.44999999999993,3,1,2,312,Needs Attention
14058,5,1,321.23,5,1,2,512,New Customers
17169,52,1,320.95000000000005,3,1,2,312,Needs Attention
15661,53,1,320.95,3,1,2,312,Needs Attention
16683,8,1,320.25,5,1,2,512,New Customers
16227,9,1,320.20000000000005,5,1,2,512,New Customers
13942,9,1,320.0,5,1,2,512,New Customers
16384,64,1,319.74999999999994,3,1,2,312,Needs Attention
17998,212,2,319.18999999999994,1,3,2,132,At Risk
15682,73,2,318.24,2,3,2,232,At Risk
14851,105,1,318.06,2,1,2,212,Lost
12908,104,1,318.0,2,1,2,212,Lost
18253,117,1,317.88,2,1,2,212,Lost
17963,20,2,317.64000000000004,4,3,2,432,Loyal Customers
16888,150,2,317.30999999999995,1,3,2,132,At Risk
14686,133,2,316.9699999999999,1,3,2,132,At Risk
17624,194,1,316.83,1,1,2,112,Lost
16344,70,2,316.75999999999993,2,3,2,232,At Risk
12529,2,1,316.48,5,1,2,512,New Customers
16565,29,1,315.0,4,1,2,412,New Customers
13300,48,1,314.98,3,1,2,312,Needs Attention
13859,3,1,314.69999999999993,5,1,2,512,New Customers
18206,27,1,314.66,4,1,2,412,New Customers
18070,143,1,314.1,1,1,2,112,Lost
13087,200,1,313.64000000000004,1,1,2,112,Lost
17740,42,4,313.5,3,5,2,352,Loyal Customers
18189,100,1,313.48999999999995,2,1,2,212,Lost
17849,24,3,313.43,4,4,2,442,Loyal Customers
15162,205,1,312.9,1,1,2,112,Lost
16833,97,1,312.88000000000005,2,1,2,212,Lost
17651,1,1,312.85,5,1,2,512,New Customers
13905,207,1,312.65000000000003,1,1,2,112,Lost
14060,37,3,312.2,4,4,2,442,Loyal Customers
12648,115,2,311.8,2,3,2,232,At Risk
16781,143,1,311.75,1,1,2,112,Lost
14687,26,1,311.66,4,1,2,412,New Customers
15247,11,1,311.56,5,1,2,512,New Customers
17666,2,1,311.4,5,1,2,512,New Customers
13400,57,1,310.83,3,1,2,312,Needs Attention
16328,37,1,310.83,4,1,2,412,New Customers
15362,213,1,310.74999999999994,1,1,2,112,Lost
15405,50,1,310.74000000000007,3,1,2,312,Needs Attention
13847,194,1,310.72,1,1,2,112,Lost
16439,196,1,310.7,1,1,2,112,Lost
15734,21,1,310.65,4,1,2,412,New Customers
17578,2,2,310.51000000000005,5,3,2,532,Loyal Customers
16913,126,2,310.47,1,3,2,132,At Risk
15188,199,1,310.43,1,1,2,112,Lost
13649,1,1,310.41,5,1,2,512,New Customers
13541,44,1,310.35,3,1,2,312,Needs Attention
13315,163,1,310.26,1,1,2,112,Lost
13988,100,1,310.2,2,1,2,212,Lost
13628,150,1,310.14000000000004,1,1,2,112,Lost
14237,65,1,310.14,3,1,2,312,Needs Attention
16600,195,1,310.01000000000005,1,1,2,112,Lost
15483,14,4,309.74999999999994,5,5,2,552,Loyal Customers
13807,48,2,309.6,3,3,2,332,Loyal Customers
15504,80,2,309.17999999999995,2,3,2,232,At Risk
17664,94,1,308.85,2,1,2,212,Lost
14498,24,1,308.67,4,1,2,412,New Customers
14508,14,2,308.60999999999984,5,3,2,532,Loyal Customers
17604,16,2,308.5599999999999,5,3,2,532,Loyal Customers
17239,1,1,308.45,5,1,2,512,New Customers
13070,64,2,308.4,3,3,2,332,Loyal Customers
15302,204,1,308.0,1,1,2,112,Lost
13289,198,1,307.95,1,1,2,112,Lost
13502,23,1,307.9,4,1,2,412,New Customers
14276,134,1,307.89,1,1,2,112,Lost
15385,151,1,307.79999999999995,1,1,2,112,Lost
17344,203,1,307.54,1,1,2,112,Lost
14326,7,1,307.45,5,1,2,512,New Customers
14783,133,1,307.29999999999995,1,1,2,112,Lost
17422,9,1,307.23999999999995,5,1,2,512,New Customers
17950,43,2,307.23,3,3,2,332,Loyal Customers
17721,133,1,307.21000000000004,1,1,2,112,Lost
13036,159,1,307.1,1,1,2,112,Lost
13295,51,1,306.49999999999994,3,1,2,312,Needs Attention
17251,199,1,306.4,1,1,2,112,Lost
17077,52,1,306.0,3,1,2,312,Needs Attention
14133,208,1,305.5,1,1,2,112,Lost
14990,86,2,305.4200000000001,2,3,2,232,At Risk
13383,18,1,305.28000000000003,4,1,2,412,New Customers
13614,25,1,304.85,4,1,2,412,New Customers
14847,39,1,304.79999999999995,3,1,2,312,Needs Attention
14020,3,1,304.67999999999995,5,1,2,512,New Customers
13627,114,1,304.4,2,1,2,212,Lost
18179,137,1,304.38,1,1,2,112,Lost
17579,52,1,304.37999999999994,3,1,2,312,Needs Attention
17695,155,1,303.90000000000003,1,1,2,112,Lost
14480,192,1,303.85,1,1,2,112,Lost
14615,22,1,303.65,4,1,2,412,New Customers
14791,81,1,303.63000000000005,2,1,2,212,Lost
17207,126,1,303.21999999999986,1,1,2,112,Lost
14168,39,1,302.95000000000005,3,1,2,312,Needs Attention
17713,23,1,302.92999999999995,4,1,2,412,New Customers
14306,151,1,302.08,1,1,2,112,Lost
15210,49,1,301.92,3,1,2,312,Needs Attention
16135,58,1,301.90000000000003,3,1,2,312,Needs Attention
12527,3,1,301.79999999999995,5,1,2,512,New Customers
17678,77,1,301.65,2,1,2,212,Lost
17807,53,2,301.6199999999999,3,3,2,332,Loyal Customers
15441,204,1,301.57,1,1,2,112,Lost
14152,133,1,301.31000000000006,1,1,2,112,Lost
13625,71,1,301.26,2,1,2,212,Lost
14355,101,1,301.14000000000004,2,1,2,212,Lost
18217,21,1,300.84000000000003,4,1,2,412,New Customers
13706,101,1,300.37999999999994,2,1,2,212,Lost
16511,123,1,300.1499999999999,1,1,2,112,Lost
15714,24,2,300.0,4,3,2,432,Loyal Customers
14840,13,1,299.86,5,1,2,512,New Customers
17718,119,1,299.83,2,1,2,212,Lost
16915,43,1,299.75,3,1,2,312,Needs Attention
14894,212,1,299.70000000000005,1,1,2,112,Lost
13513,129,1,299.64,1,1,2,112,Lost
17098,15,1,299.47,5,1,2,512,New Customers
13464,92,1,299.34000000000003,2,1,2,212,Lost
17204,22,1,299.33,4,1,2,412,New Customers
13296,23,2,299.12999999999994,4,3,2,432,Loyal Customers
13600,108,1,298.89999999999986,2,1,2,212,Lost
18212,151,1,298.3,1,1,2,112,Lost
13278,85,1,297.69,2,1,2,212,Lost
14835,3,2,297.0,5,3,2,532,Loyal Customers
13213,42,1,295.55,3,1,2,312,Needs Attention
14581,18,1,295.19999999999993,4,1,2,412,New Customers
15630,118,1,295.04999999999995,2,1,2,212,Lost
17057,70,1,294.74,2,1,2,212,Lost
14907,76,1,294.72,2,1,2,212,Lost
15886,72,1,294.37,2,1,2,212,Lost
15448,148,1,294.17,1,1,2,112,Lost
15814,77,1,294.08000000000004,2,1,2,212,Lost
17927,196,1,294.0,1,1,2,112,Lost
15718,14,1,293.79,5,1,2,512,New Customers
14821,106,3,293.65,2,4,2,242,At Risk
18001,21,2,293.6,4,3,2,432,Loyal Customers
15928,130,1,293.53,1,1,2,112,Lost
17441,206,1,293.35,1,1,2,112,Lost
16614,52,1,293.15000000000003,3,1,2,312,Needs Attention
15201,85,1,293.05999999999995,2,1,2,212,Lost
18196,106,1,292.9300000000002,2,1,2,212,Lost
13243,105,1,292.66,2,1,2,212,Lost
14011,81,1,292.3399999999999,2,1,2,212,Lost
16543,66,1,292.21,3,1,2,312,Needs Attention
15266,160,2,292.2,1,3,2,132,At Risk
17907,115,1,291.7599999999999,2,1,2,212,Lost
16231,72,1,291.54999999999995,2,1,2,212,Lost
16615,100,1,291.5,2,1,2,212,Lost
14611,73,1,291.40000000000003,2,1,2,212,Lost
14472,163,1,291.38,1,1,2,112,Lost
15651,70,1,291.2600000000001,2,1,2,212,Lost
13566,114,1,291.12,2,1,2,212,Lost
15339,97,2,290.73,2,3,2,232,At Risk
13233,168,1,290.63,1,1,2,112,Lost
13402,39,1,290.5999999999999,3,1,2,312,Needs Attention
15391,58,1,289.87,3,1,2,312,Needs Attention
15863,91,3,289.86000000000007,2,4,2,242,At Risk
16175,38,1,289.65000000000003,3,1,2,312,Needs Attention
17923,1,2,289.5,5,3,2,532,Loyal Customers
17978,171,2,288.9,1,3,2,132,At Risk
18135,65,2,288.15,3,3,2,332,Loyal Customers
13616,42,2,288.1000000000001,3,3,2,332,Loyal Customers
18230,2,1,288.00000000000006,5,1,2,512,New Customers
13888,50,2,287.92,3,3,2,332,Loyal Customers
14238,137,2,287.38,1,3,2,132,At Risk
15551,24,1,287.11999999999995,4,1,2,412,New Customers
15890,71,2,286.95,2,4,2,242,At Risk
15111,66,1,286.81,3,1,2,312,Needs Attention
14128,25,1,286.71,4,1,2,412,New Customers
14537,97,1,285.84,2,1,2,212,Lost
14402,126,1,285.6,1,1,2,112,Lost
15434,158,1,285.35,1,1,2,112,Lost
12487,205,1,285.29999999999995,1,1,2,112,Lost
13308,71,1,284.86,2,1,2,212,Lost
17051,60,2,284.70000000000005,3,4,2,342,Loyal Customers
15354,77,3,284.4,2,4,2,242,At Risk
13439,22,1,284.28,4,1,2,412,New Customers
14201,44,2,283.95,3,4,2,342,Loyal Customers
17258,139,1,283.85,1,1,2,112,Lost
16078,143,1,283.79000000000013,1,1,2,112,Lost
15662,135,2,283.73,1,4,2,142,At Risk
15338,151,1,283.43,1,1,2,112,Lost
17080,20,1,283.05,4,1,2,412,New Customers
13511,151,1,282.76,1,1,2,112,Lost
16442,78,2,282.6799999999999,2,4,2,242,At Risk
14609,1,3,282.6,5,4,2,542,Loyal Customers
17072,99,1,282.05,2,1,2,212,Lost
15022,151,1,281.05,1,1,2,112,Lost
15244,140,1,280.51,1,2,2,122,Lost
14729,99,2,280.3999999999999,2,4,2,242,At Risk
14645,109,1,279.79999999999995,2,2,2,222,Lost
13283,41,2,279.7,3,4,2,342,Loyal Customers
13734,77,1,279.6,2,2,2,222,Lost
14665,67,1,279.5999999999999,3,2,2,322,Needs Attention
16593,193,2,278.73,1,4,2,142,At Risk
13104,8,2,278.22,5,4,2,542,Loyal Customers
12717,64,1,277.92999999999995,3,2,2,322,Needs Attention
17081,39,2,277.53999999999985,3,4,2,342,Loyal Customers
14182,3,2,277.1,5,4,2,542,Loyal Customers
14014,51,1,276.66,3,2,2,322,Needs Attention
15384,67,1,276.5,3,2,2,322,Needs Attention
17205,38,1,274.95,3,2,2,322,Needs Attention
14957,119,1,274.80000000000007,2,2,2,222,Lost
12997,56,2,274.70000000000005,3,4,2,342,Loyal Customers
16658,37,3,273.54,4,4,2,442,Loyal Customers
16081,49,2,273.03000000000003,3,4,2,342,Loyal Customers
15964,137,1,272.96000000000004,1,2,2,122,Lost
16286,98,1,272.95000000000005,2,2,2,222,Lost
16503,10,1,272.68,5,2,2,522,New Customers
18049,64,1,272.54999999999984,3,2,2,322,Needs Attention
16777,5,2,271.62,5,4,2,542,Loyal Customers
14513,42,1,271.46000000000004,3,2,2,322,Needs Attention
15943,123,2,271.29,1,4,2,142,At Risk
18053,1,2,271.05,5,4,2,542,Loyal Customers
15361,22,3,270.15000000000003,4,4,2,442,Loyal Customers
16282,193,1,270.0,1,2,2,122,Lost
16625,18,1,270.0,4,2,2,422,New Customers
13240,75,3,269.47,2,4,2,242,At Risk
18267,147,1,269.36999999999995,1,2,2,122,Lost
15471,25,1,269.25,4,2,2,422,New Customers
18254,55,1,267.90000000000003,3,2,2,322,Needs Attention
15920,9,4,267.0400000000001,5,5,2,552,Loyal Customers
15689,92,1,266.92999999999995,2,2,2,222,Lost
14725,9,2,266.81,5,4,2,542,Loyal Customers
13695,52,1,266.6,3,2,2,322,Needs Attention
16502,94,2,266.50000000000006,2,4,2,242,At Risk
16544,136,3,266.40000000000003,1,4,2,142,At Risk
15246,30,1,266.25,4,2,2,422,New Customers
17804,6,2,266.2299999999999,5,4,2,542,Loyal Customers
14820,67,2,265.12,3,4,2,342,Loyal Customers
13770,120,2,264.33,1,4,2,142,At Risk
12974,40,1,264.15,3,2,2,322,Needs Attention
13974,56,1,264.13,3,2,2,322,Needs Attention
13998,50,1,264.05,3,2,2,322,Needs Attention
17187,22,1,263.76,4,2,2,422,New Customers
13128,105,1,263.5,2,2,2,222,Lost
16677,126,1,263.23,1,2,2,122,Lost
17996,21,2,262.8999999999999,4,4,2,442,Loyal Customers
13873,49,2,262.7,3,4,2,342,Loyal Customers
17808,23,4,262.64,4,5,2,452,Loyal Customers
13466,102,1,262.31,2,2,2,222,Lost
13948,123,2,262.30999999999995,1,4,2,142,At Risk
13472,30,1,262.17999999999995,4,2,2,422,New Customers
17910,200,1,261.69999999999993,1,2,2,122,Lost
14692,35,2,261.5199999999999,4,4,2,442,Loyal Customers
17159,119,1,261.3,2,2,2,222,Lost
17244,208,1,260.65,1,2,2,122,Lost
12970,209,1,260.6399999999999,1,2,2,122,Lost
13980,51,2,260.55,3,4,2,342,Loyal Customers
13900,98,1,260.50000000000006,2,2,2,222,Lost
17476,212,1,260.36,1,2,2,122,Lost
16733,4,1,259.68,5,2,2,522,New Customers
13957,46,2,258.9,3,4,2,342,Loyal Customers
18085,103,1,258.75000000000006,2,2,2,222,Lost
13654,120,2,258.68,1,4,2,142,At Risk
17349,13,2,257.9,5,4,2,542,Loyal Customers
16859,120,1,257.77,1,2,2,122,Lost
16014,152,1,257.7099999999999,1,2,2,122,Lost
17860,202,2,256.68999999999994,1,4,2,142,At Risk
14274,160,1,256.6,1,2,2,122,Lost
13041,64,1,256.16,3,2,2,322,Needs Attention
13825,96,2,255.59,2,4,2,242,At Risk
16911,110,2,255.2499999999999,2,4,2,242,At Risk
12746,15,1,254.55,5,2,2,522,New Customers
17626,77,1,253.99999999999997,2,2,2,222,Lost
16845,92,1,253.88,2,2,2,222,Lost
12639,102,1,253.58,2,2,2,222,Lost
17482,52,1,252.84,3,2,2,322,Needs Attention
16648,64,1,252.84,3,2,2,322,Needs Attention
16908,196,1,252.59,1,2,2,122,Lost
14265,86,1,252.52,2,2,2,222,Lost
12948,205,2,252.48,1,4,2,142,At Risk
16952,202,1,252.04,1,2,2,122,Lost
16453,4,2,251.71,5,4,2,542,Loyal Customers
13713,57,1,250.48,3,2,2,322,Needs Attention
15231,95,1,250.26,2,2,2,222,Lost
12638,114,1,249.79999999999995,2,2,2,222,Lost
16508,104,1,248.79999999999995,2,2,2,222,Lost
15918,106,1,248.64999999999995,2,2,2,222,Lost
13024,56,1,247.83000000000004,3,2,2,322,Needs Attention
13427,14,2,247.63000000000005,5,4,2,542,Loyal Customers
15293,140,1,247.5,1,2,2,122,Lost
14654,212,1,246.86,1,2,2,122,Lost
15697,164,1,246.75,1,2,2,122,Lost
13943,52,1,246.54,3,2,2,322,Needs Attention
15012,51,1,246.5199999999999,3,2,2,322,Needs Attention
18153,133,1,246.22,1,2,2,122,Lost
14618,21,1,245.73,4,2,2,422,New Customers
14325,44,1,245.48,3,2,2,322,Needs Attention
14423,169,1,244.8,1,2,2,122,Lost
16395,204,2,244.66,1,4,2,142,At Risk
16890,39,2,244.61,3,4,2,342,Loyal Customers
14694,91,1,244.31,2,2,2,222,Lost
17027,127,2,244.25,1,4,2,142,At Risk
13676,13,2,243.9,5,4,2,542,Loyal Customers
14079,156,1,243.63,1,2,2,122,Lost
14699,0,1,242.46,5,2,2,522,New Customers
17915,25,1,242.13,4,2,2,422,New Customers
17009,25,1,242.06,4,2,2,422,New Customers
13445,100,1,241.9,2,2,2,222,Lost
15884,210,1,241.8,1,2,2,122,Lost
14774,3,1,241.45,5,2,2,522,New Customers
15723,48,1,240.90999999999997,3,2,2,322,Needs Attention
13476,119,1,240.8,2,2,2,222,Lost
13838,54,1,240.44,3,2,2,322,Needs Attention
14962,13,3,240.21,5,4,2,542,Loyal Customers
16166,165,1,239.84,1,2,2,122,Lost
12663,99,2,239.4,2,4,2,242,At Risk
15597,49,1,238.8,3,2,2,322,Needs Attention
17371,97,3,238.66000000000005,2,4,2,242,At Risk
16280,199,1,238.05,1,2,2,122,Lost
17760,102,3,237.89,2,4,2,242,At Risk
14982,46,1,237.78000000000003,3,2,2,322,Needs Attention
16136,137,1,237.42,1,2,2,122,Lost
14087,209,1,236.69,1,2,2,122,Lost
18236,77,1,236.64,2,2,2,222,Lost
16892,28,2,236.56,4,4,2,442,Loyal Customers
15850,10,2,236.39000000000004,5,4,2,542,Loyal Customers
13608,15,1,236.2,5,2,2,522,New Customers
17093,67,1,235.88,3,2,2,322,Needs Attention
16046,36,1,235.78000000000003,4,2,2,422,New Customers
17726,126,2,235.27,1,4,2,142,At Risk
17993,91,1,235.19,2,2,2,222,Lost
12392,65,1,234.75000000000003,3,2,2,322,Needs Attention
13114,205,1,234.38,1,2,2,122,Lost
13009,147,1,234.0,1,2,2,122,Lost
13672,205,1,233.53000000000003,1,2,2,122,Lost
16815,11,1,233.12,5,2,2,522,New Customers
14283,44,1,233.04999999999995,3,2,2,322,Needs Attention
16414,68,2,232.57,2,4,2,242,At Risk
13262,75,1,232.4099999999999,2,2,2,222,Lost
16408,65,1,231.93000000000004,3,2,2,322,Needs Attention
17151,209,1,231.9,1,2,2,122,Lost
13619,19,2,231.68999999999997,4,4,2,442,Loyal Customers
17136,136,1,231.67999999999995,1,2,2,122,Lost
18203,25,2,231.43000000000004,4,4,2,442,Loyal Customers
15487,154,1,231.32,1,2,2,122,Lost
16321,100,2,230.90000000000003,2,4,2,242,At Risk
15446,103,2,230.7699999999999,2,4,2,242,At Risk
14997,130,1,230.4,1,2,2,122,Lost
18197,50,1,230.1,3,2,2,322,Needs Attention
14017,45,1,229.75000000000003,3,2,2,322,Needs Attention
14596,101,1,229.46999999999983,2,2,2,222,Lost
17185,66,3,229.45999999999992,3,4,2,342,Loyal Customers
17984,213,1,229.4599999999999,1,2,2,122,Lost
15273,74,1,228.96,2,2,2,222,Lost
16155,14,1,228.6,5,2,2,522,New Customers
17066,200,1,228.34,1,2,2,122,Lost
13416,210,1,228.3,1,2,2,122,Lost
13710,86,1,228.0,2,2,2,222,Lost
13307,66,1,227.74,3,2,2,322,Needs Attention
17991,65,1,227.2,3,2,2,322,Needs Attention
16441,101,1,225.73999999999995,2,2,2,222,Lost
12670,141,1,225.6,1,2,2,122,Lost
13880,36,1,225.57,4,2,2,422,New Customers
16622,18,1,225.40000000000003,4,2,2,422,New Customers
17935,100,2,225.25,2,4,2,242,At Risk
17472,102,1,224.81,2,2,2,222,Lost
14928,102,1,223.91,2,2,2,222,Lost
15423,56,2,223.39,3,4,2,342,Loyal Customers
18131,106,1,222.96,2,2,2,222,Lost
13795,111,1,222.5,2,2,2,222,Lost
16430,28,2,222.39,4,4,2,442,Loyal Customers
14497,148,1,221.69,1,2,2,122,Lost
14662,107,2,221.65,2,4,2,242,At Risk
17087,212,1,221.53,1,2,2,122,Lost
18109,1,1,221.29999999999995,5,2,2,522,New Customers
16836,48,1,220.75,3,2,2,322,Needs Attention
14199,5,1,220.65,5,2,2,522,New Customers
16693,131,1,220.56,1,2,2,122,Lost
17041,74,2,220.4099999999999,2,4,2,242,At Risk
14926,73,1,220.2,2,2,2,222,Lost
16205,17,1,220.11000000000004,4,2,2,422,New Customers
17309,147,1,220.09000000000003,1,2,2,122,Lost
13454,115,1,219.87,2,2,2,222,Lost
17413,44,1,219.84,3,2,2,322,Needs Attention
16887,212,1,219.8199999999999,1,2,2,122,Lost
14074,97,1,219.4,2,2,2,222,Lost
12799,3,1,219.35,5,2,2,522,New Customers
15086,39,2,218.53,3,4,2,342,Loyal Customers
15591,57,3,217.90000000000003,3,4,2,342,Loyal Customers
16035,34,1,217.73,4,2,2,422,New Customers
17123,47,1,217.36,3,2,2,322,Needs Attention
15295,128,1,217.23999999999995,1,2,2,122,Lost
15100,175,1,217.2,1,2,2,122,Lost
16588,48,1,216.8,3,2,2,322,Needs Attention
17902,21,1,216.4,4,2,2,422,New Customers
18241,92,1,216.29999999999995,2,2,2,222,Lost
14181,37,1,216.10000000000005,4,2,2,422,New Customers
17436,68,2,216.0,2,4,2,242,At Risk
17776,197,1,215.74999999999997,1,2,2,122,Lost
14376,157,1,215.46000000000004,1,2,2,122,Lost
18157,45,1,215.35,3,2,2,322,Needs Attention
12825,116,1,214.83,2,2,2,222,Lost
14106,211,1,214.8,1,2,2,122,Lost
13857,45,1,214.75,3,2,2,322,Needs Attention
14361,53,1,214.71,3,2,2,322,Needs Attention
13242,37,2,214.5,4,4,2,442,Loyal Customers
13207,86,1,214.2,2,2,2,222,Lost
15558,113,1,214.13,2,2,2,222,Lost
16725,200,1,213.88,1,2,2,122,Lost
16204,205,1,213.27,1,2,1,121,Lost
13724,111,1,213.01,2,2,1,221,Lost
16406,128,1,212.8499999999999,1,2,1,121,Lost
12470,164,1,211.95,1,2,1,121,Lost
12672,70,1,211.15,2,2,1,221,Lost
16354,65,1,210.83000000000004,3,2,1,321,Needs Attention
12577,210,1,210.55,1,2,1,121,Lost
16784,95,1,210.4699999999999,2,2,1,221,Lost
13292,22,1,210.45,4,2,1,421,New Customers
17271,210,1,210.39,1,2,1,121,Lost
15461,106,1,210.0,2,2,1,221,Lost
17484,50,2,209.57,3,4,1,341,Loyal Customers
13056,25,1,209.48,4,2,1,421,New Customers
14003,207,1,209.41,1,2,1,121,Lost
15112,85,1,209.40000000000003,2,2,1,221,Lost
16487,51,2,209.39999999999995,3,4,1,341,Loyal Customers
12870,98,1,209.29999999999995,2,2,1,221,Lost
16596,164,2,208.83,1,4,1,141,At Risk
17790,18,1,208.6899999999999,4,2,1,421,New Customers
12848,149,1,208.00000000000003,1,2,1,121,Lost
16964,207,2,207.85,1,4,1,141,At Risk
13601,20,1,207.58,4,2,1,421,New Customers
12361,53,2,207.35,3,4,1,341,Loyal Customers
15198,91,2,207.3100000000001,2,4,1,241,At Risk
14877,117,1,206.69999999999996,2,2,1,221,Lost
15418,61,1,206.49,3,2,1,321,Needs Attention
12915,63,1,206.3,3,2,1,321,Needs Attention
14311,42,1,206.19,3,2,1,321,Needs Attention
14519,158,2,206.09,1,4,1,141,At Risk
12399,119,1,205.98,2,2,1,221,Lost
16090,98,1,205.91,2,2,1,221,Lost
14602,130,1,205.36,1,2,1,121,Lost
14253,97,1,205.35,2,2,1,221,Lost
17571,16,1,205.24,5,2,1,521,New Customers
17497,85,1,204.6,2,2,1,221,Lost
16632,55,1,204.4,3,2,1,321,Needs Attention
16901,203,1,204.26,1,2,1,121,Lost
14468,208,1,204.24,1,2,1,121,Lost
15901,18,1,203.69,4,2,1,421,New Customers
14876,35,1,203.6,4,2,1,421,New Customers
16668,31,2,203.34000000000003,4,4,1,441,Loyal Customers
17074,37,1,203.05,4,2,1,421,New Customers
12416,131,1,202.56,1,2,1,121,Lost
14595,162,1,202.35,1,2,1,121,Lost
14892,165,1,202.35,1,2,1,121,Lost
18262,77,1,202.06,2,2,1,221,Lost
15766,156,1,201.6,1,2,1,121,Lost
13346,15,4,201.3,5,5,1,551,Loyal Customers
18016,155,1,201.2,1,2,1,121,Lost
15717,7,2,201.1,5,4,1,541,Loyal Customers
16048,24,1,201.00000000000003,4,2,1,421,New Customers
14330,98,1,200.63,2,2,1,221,Lost
13944,127,1,200.43,1,2,1,121,Lost
15976,25,1,200.36,4,2,1,421,New Customers
17245,163,1,200.18,1,2,1,121,Lost
13196,91,1,199.97,2,2,1,221,Lost
17867,20,5,199.63,4,5,1,451,Loyal Customers
12891,21,4,199.5,4,5,1,451,Loyal Customers
14727,20,2,199.3499999999999,4,4,1,441,Loyal Customers
13851,154,1,199.3,1,2,1,121,Lost
18022,20,1,198.80999999999997,4,2,1,421,New Customers
17647,143,2,198.6,1,4,1,141,At Risk
17184,43,2,198.41,3,4,1,341,Loyal Customers
14734,25,1,198.36,4,2,1,421,New Customers
14805,96,1,197.77999999999997,2,2,1,221,Lost
17778,135,1,197.7,1,2,1,121,Lost
17987,25,1,197.32,4,2,1,421,New Customers
17110,84,1,197.1,2,2,1,221,Lost
14515,25,1,196.1,4,2,1,421,New Customers
14450,85,1,196.08,2,2,1,221,Lost
16018,206,1,195.78,1,2,1,121,Lost
16382,25,1,195.77,4,2,1,421,New Customers
13757,149,1,195.55,1,2,1,121,Lost
17065,112,2,194.7,2,4,1,241,At Risk
15709,63,1,194.6,3,2,1,321,Needs Attention
16412,84,2,194.04000000000008,2,4,1,241,At Risk
15400,35,1,194.0,4,2,1,421,New Customers
15437,115,1,193.29,2,2,1,221,Lost
17179,37,1,193.17,4,2,1,421,New Customers
16695,36,2,193.15,4,4,1,441,Loyal Customers
17707,85,3,192.9,2,4,1,241,At Risk
16898,51,1,192.64,3,2,1,321,Needs Attention
16392,36,1,192.29,4,2,1,421,New Customers
18028,57,1,192.05,3,2,1,321,Needs Attention
17076,112,2,191.75,2,4,1,241,At Risk
15115,207,1,191.74,1,2,1,121,Lost
18056,93,1,190.95,2,2,1,221,Lost
15954,63,1,190.75,3,2,1,321,Needs Attention
18020,18,1,190.48,4,2,1,421,New Customers
14670,206,1,190.47,1,2,1,121,Lost
16310,116,1,190.38,2,2,1,221,Lost
17988,197,3,190.3199999999999,1,4,1,141,At Risk
18046,124,1,189.63,1,2,1,121,Lost
13008,197,1,189.31,1,2,1,121,Lost
16673,153,1,188.83,1,2,1,121,Lost
16277,208,1,188.69,1,2,1,121,Lost
16051,156,1,188.44,1,2,1,121,Lost
13515,119,1,188.1,2,2,1,221,Lost
14131,123,1,187.87,1,2,1,121,Lost
13065,22,1,187.57,4,2,1,421,New Customers
13852,85,1,187.35,2,2,1,221,Lost
16679,21,1,187.15,4,2,1,421,New Customers
16267,65,1,186.66000000000005,3,2,1,321,Needs Attention
16388,128,1,186.05,1,2,1,121,Lost
14812,73,1,185.8,2,2,1,221,Lost
14879,159,1,185.06,1,2,1,121,Lost
14677,67,1,184.91,3,2,1,321,Needs Attention
14247,25,1,184.35,4,2,1,421,New Customers
13835,100,2,183.95,2,4,1,241,At Risk
16868,68,1,183.89999999999995,2,2,1,221,Lost
14569,78,1,183.45,2,2,1,221,Lost
14983,163,1,183.2,1,2,1,121,Lost
17798,56,1,183.09,3,2,1,321,Needs Attention
17699,36,1,182.7,4,2,1,421,New Customers
14436,28,1,182.64,4,2,1,421,New Customers
14941,53,1,182.1,3,2,1,321,Needs Attention
14940,207,1,182.01,1,2,1,121,Lost
17587,102,1,181.66000000000005,2,2,1,221,Lost
12934,211,1,181.65,1,2,1,121,Lost
16539,6,1,181.6,5,2,1,521,New Customers
16822,160,1,181.39,1,2,1,121,Lost
15359,137,8,181.35,1,5,1,151,At Risk
17006,118,1,180.81000000000003,2,2,1,221,Lost
14799,212,1,180.45,1,2,1,121,Lost
13275,106,1,180.16,2,2,1,221,Lost
17035,65,2,180.06,3,4,1,341,Loyal Customers
18234,26,1,179.6,4,2,1,421,New Customers
13679,73,2,179.55,2,4,1,241,At Risk
15042,69,1,179.52,2,2,1,221,Lost
17233,199,1,179.36,1,2,1,121,Lost
15209,204,1,178.98000000000002,1,2,1,121,Lost
17182,192,1,178.5,1,2,1,121,Lost
17926,53,1,178.3,3,2,1,321,Needs Attention
16519,122,1,177.63,1,2,1,121,Lost
16254,106,1,177.44000000000003,2,2,1,221,Lost
13010,123,1,177.12,1,2,1,121,Lost
16285,120,1,176.9,1,2,1,121,Lost
13150,105,1,176.51999999999998,2,2,1,221,Lost
16315,10,1,176.33999999999995,5,2,1,521,New Customers
18175,150,1,176.10000000000002,1,2,1,121,Lost
13508,117,1,176.08,2,2,1,221,Lost
18166,98,1,175.5,2,2,1,221,Lost
13007,54,1,175.24999999999997,3,2,1,321,Needs Attention
17108,138,1,174.95,1,2,1,121,Lost
14013,98,1,174.2,2,2,1,221,Lost
16731,122,1,174.05000000000004,1,2,1,121,Lost
15869,100,1,174.02,2,2,1,221,Lost
15684,21,3,173.95,4,4,1,441,Loyal Customers
14552,66,1,173.71999999999997,3,2,1,321,Needs Attention
17135,53,1,173.70000000000002,3,2,1,321,Needs Attention
16720,196,1,173.21999999999994,1,2,1,121,Lost
13748,212,1,173.1,1,2,1,121,Lost
16741,99,1,173.06,2,2,1,221,Lost
17691,21,1,172.65,4,2,1,421,New Customers
17326,3,1,172.59999999999994,5,2,1,521,New Customers
15842,2,1,172.55,5,2,1,521,New Customers
17575,141,1,171.7,1,2,1,121,Lost
18097,197,1,171.26000000000002,1,2,1,121,Lost
17789,135,1,171.24999999999997,1,2,1,121,Lost
15445,64,1,171.0,3,2,1,321,Needs Attention
17542,116,2,170.94999999999996,2,4,1,241,At Risk
17922,17,1,170.4,4,2,1,421,New Customers
13605,45,1,169.89,3,2,1,321,Needs Attention
15809,9,1,169.55,5,2,1,521,New Customers
13602,35,1,169.38,4,2,1,421,New Customers
16002,99,1,169.20999999999995,2,2,1,221,Lost
12665,143,1,168.8,1,2,1,121,Lost
17101,24,1,168.39999999999998,4,2,1,421,New Customers
14296,48,1,168.25000000000003,3,2,1,321,Needs Attention
14681,118,2,168.0,2,4,1,241,At Risk
17586,93,1,167.4,2,2,1,221,Lost
13609,67,1,167.35,3,2,1,321,Needs Attention
14954,177,1,167.27000000000007,1,2,1,121,Lost
17875,162,1,167.1,1,2,1,121,Lost
16246,144,1,166.90000000000003,1,2,1,121,Lost
12958,57,1,166.88999999999996,3,2,1,321,Needs Attention
15135,30,1,166.63,4,2,1,421,New Customers
15071,44,1,166.24,3,2,1,321,Needs Attention
13484,114,1,165.77999999999997,2,2,1,221,Lost
17200,126,2,165.06000000000003,1,4,1,141,At Risk
16663,203,1,165.0,1,2,1,121,Lost
17608,81,1,164.92000000000013,2,2,1,221,Lost
13191,132,1,164.68999999999997,1,2,1,121,Lost
14043,203,1,164.30999999999997,1,2,1,121,Lost
17318,199,1,164.28,1,2,1,121,Lost
17417,23,1,164.18,4,2,1,421,New Customers
14955,207,1,163.77,1,2,1,121,Lost
17373,123,1,163.7,1,2,1,121,Lost
17660,211,1,163.47,1,2,1,121,Lost
17515,24,1,163.42000000000002,4,2,1,421,New Customers
16921,74,1,163.41,2,2,1,221,Lost
17715,67,1,163.2,3,2,1,321,Needs Attention
15474,70,1,163.1,2,2,1,221,Lost
16401,15,2,162.89999999999998,5,4,1,541,Loyal Customers
15181,205,1,162.72,1,2,1,121,Lost
18246,84,1,162.72,2,2,1,221,Lost
12954,113,1,162.44999999999996,2,2,1,221,Lost
15552,97,1,162.4,2,2,1,221,Lost
15534,199,1,162.25,1,2,1,121,Lost
13333,133,1,162.18,1,2,1,121,Lost
14598,43,1,162.07,3,2,1,321,Needs Attention
16961,6,1,162.05,5,2,1,521,New Customers
17971,22,1,161.94,4,2,1,421,New Customers
15499,198,1,161.6,1,2,1,121,Lost
12788,2,1,161.1,5,2,1,521,New Customers
17953,14,1,160.81999999999996,5,2,1,521,New Customers
13080,36,2,160.75,4,4,1,441,Loyal Customers
17605,64,1,160.75,3,2,1,321,Needs Attention
17487,202,1,160.55,1,2,1,121,Lost
15229,60,1,160.5,3,2,1,321,Needs Attention
14814,55,1,160.46000000000004,3,2,1,321,Needs Attention
16645,210,1,160.39,1,2,1,121,Lost
16259,79,2,159.82,2,4,1,241,At Risk
17171,136,1,159.68,1,2,1,121,Lost
12898,134,1,158.31999999999994,1,2,1,121,Lost
15548,70,1,158.09,2,2,1,221,Lost
14207,162,1,157.8,1,2,1,121,Lost
12894,49,1,157.35,3,2,1,321,Needs Attention
15742,93,1,156.86999999999998,2,2,1,221,Lost
13830,56,1,156.85,3,2,1,321,Needs Attention
17555,60,1,156.64999999999995,3,2,1,321,Needs Attention
16578,100,1,156.6,2,2,1,221,Lost
17359,122,1,156.6,1,2,1,121,Lost
14672,155,1,155.86,1,2,1,121,Lost
13051,53,2,155.8,3,4,1,341,Loyal Customers
12933,203,1,155.79000000000002,1,2,1,121,Lost
16121,40,1,155.66999999999996,3,2,1,321,Needs Attention
17869,21,1,155.19,4,2,1,421,New Customers
16518,30,1,155.0,4,2,1,421,New Customers
13877,164,1,154.83,1,2,1,121,Lost
17335,159,1,154.76999999999998,1,2,1,121,Lost
13490,128,1,154.25,1,2,1,121,Lost
17256,74,2,153.63,2,4,1,241,At Risk
14322,112,2,153.60000000000002,2,4,1,241,At Risk
17518,95,1,153.54999999999995,2,2,1,221,Lost
13512,57,1,153.3,3,2,1,321,Needs Attention
18273,65,1,153.0,3,2,1,321,Needs Attention
14157,120,1,152.85,1,2,1,121,Lost
16507,46,1,152.76,3,2,1,321,Needs Attention
13551,140,1,152.39999999999998,1,2,1,121,Lost
15196,201,1,152.25,1,2,1,121,Lost
15670,30,1,152.15,4,2,1,421,New Customers
18112,26,1,152.0,4,2,1,421,New Customers
16681,115,1,151.5,2,2,1,221,Lost
13482,102,1,151.45,2,2,1,221,Lost
15524,81,1,151.4,2,2,1,221,Lost
16021,19,1,151.38999999999996,4,2,1,421,New Customers
17862,37,1,150.83000000000004,4,2,1,421,New Customers
14980,211,1,150.68,1,2,1,121,Lost
15991,8,1,150.55,5,2,1,521,New Customers
14845,74,1,150.0,2,2,1,221,Lost
15432,15,1,149.57,5,2,1,521,New Customers
17866,199,1,149.5,1,2,1,121,Lost
18038,30,1,149.41,4,2,1,421,New Customers
13733,209,1,149.1,1,2,1,121,Lost
14551,156,1,148.85,1,2,1,121,Lost
17592,213,1,148.3,1,2,1,121,Lost
13457,163,2,148.22,1,4,1,141,At Risk
16500,17,1,147.54999999999998,4,2,1,421,New Customers
12755,109,3,147.41,2,4,1,241,At Risk
15479,207,1,147.4,1,2,1,121,Lost
17794,161,2,147.3,1,4,1,141,At Risk
14683,62,1,146.55999999999997,3,2,1,321,Needs Attention
16323,52,1,146.16,3,2,1,321,Needs Attention
15496,105,1,146.14,2,2,1,221,Lost
18137,25,2,145.99000000000004,4,4,1,441,Loyal Customers
17199,56,1,145.12,3,2,1,321,Needs Attention
16127,201,1,145.05999999999997,1,2,1,121,Lost
14656,78,1,144.45,2,2,1,221,Lost
17003,53,1,144.36000000000004,3,2,1,321,Needs Attention
17886,64,1,144.2,3,2,1,321,Needs Attention
15816,16,2,144.15,5,4,1,541,Loyal Customers
16647,18,1,144.12999999999997,4,2,1,421,New Customers
17591,165,1,144.1,1,2,1,121,Lost
14604,107,1,143.86,2,2,1,221,Lost
14574,207,1,143.7,1,2,1,121,Lost
13997,24,1,143.55,4,2,1,421,New Customers
16039,102,1,143.48000000000002,2,2,1,221,Lost
15720,24,1,143.19000000000003,4,2,1,421,New Customers
15989,211,1,143.11000000000004,1,2,1,121,Lost
17023,171,1,142.35,1,2,1,121,Lost
15016,17,1,141.79999999999998,4,2,1,421,New Customers
15280,45,1,141.60000000000002,3,2,1,321,Needs Attention
16660,169,1,141.6,1,2,1,121,Lost
17292,53,1,141.35,3,2,1,321,Needs Attention
17163,150,1,141.24,1,2,1,121,Lost
12636,213,1,141.0,1,2,1,121,Lost
17959,66,1,140.75,3,2,1,321,Needs Attention
17572,1,3,140.61,5,4,1,541,Loyal Customers
14773,67,1,140.54999999999998,3,2,1,321,Needs Attention
15324,175,1,140.22000000000003,1,2,1,121,Lost
16387,113,1,140.19,2,2,1,221,Lost
13406,106,1,140.16,2,2,1,221,Lost
12619,34,1,140.14,4,2,1,421,New Customers
15848,96,1,139.94,2,2,1,221,Lost
16840,77,2,139.85,2,4,1,241,At Risk
15374,99,1,139.32,2,2,1,221,Lost
15577,197,2,139.10000000000002,1,4,1,141,At Risk
15566,198,1,138.22,1,2,1,121,Lost
17982,155,1,138.18,1,2,1,121,Lost
16773,207,1,137.75,1,2,1,121,Lost
17440,23,1,137.16,4,2,1,421,New Customers
13907,166,1,136.8,1,2,1,121,Lost
15900,37,1,136.22,4,2,1,421,New Customers
15401,43,1,136.20000000000002,3,2,1,321,Needs Attention
16651,61,1,136.2,3,2,1,321,Needs Attention
17583,34,1,135.95,4,2,1,421,New Customers
17854,206,1,135.93999999999997,1,2,1,121,Lost
14391,51,1,135.60000000000002,3,2,1,321,Needs Attention
14588,52,1,135.39,3,2,1,321,Needs Attention
14173,115,2,135.16,2,4,1,241,At Risk
14171,204,1,135.0,1,2,1,121,Lost
13119,143,1,134.9,1,2,1,121,Lost
15926,16,1,134.44,5,2,1,521,New Customers
12504,71,1,134.4,2,2,1,221,Lost
16486,12,1,134.36,5,2,1,521,New Customers
15124,126,1,134.03,1,2,1,121,Lost
16117,66,1,133.5,3,2,1,321,Needs Attention
17301,98,1,132.80000000000007,2,2,1,221,Lost
17720,53,1,132.62,3,2,1,321,Needs Attention
17909,211,1,132.55,1,2,1,121,Lost
13217,129,1,132.5,1,2,1,121,Lost
17759,58,1,132.15,3,2,1,321,Needs Attention
16199,22,2,132.0,4,4,1,441,Loyal Customers
14097,120,1,132.0,1,2,1,121,Lost
17565,61,1,131.83,3,2,1,321,Needs Attention
14122,203,2,131.58999999999995,1,4,1,141,At Risk
13586,15,1,131.53,5,2,1,521,New Customers
15409,195,1,131.25,1,2,1,121,Lost
14378,96,1,131.24999999999997,2,2,1,221,Lost
17225,56,1,131.15,3,2,1,321,Needs Attention
13187,98,3,130.99,2,4,1,241,At Risk
17421,209,1,130.8,1,2,1,121,Lost
17240,70,1,130.6,2,2,1,221,Lost
16410,208,1,130.32,1,2,1,121,Lost
17818,212,1,130.17999999999998,1,2,1,121,Lost
12362,213,1,130.0,1,2,1,121,Lost
15317,151,1,129.75,1,2,1,121,Lost
14999,67,1,129.48,3,2,1,321,Needs Attention
12555,156,1,129.23,1,2,1,121,Lost
13071,86,1,129.22,2,2,1,221,Lost
17928,45,1,128.7,3,2,1,321,Needs Attention
17056,212,1,128.6,1,2,1,121,Lost
15454,92,1,128.59,2,2,1,221,Lost
13861,5,1,128.43,5,2,1,521,New Customers
15892,143,1,128.20000000000005,1,2,1,121,Lost
12821,85,1,128.08,2,2,1,221,Lost
16397,102,1,127.88000000000002,2,2,1,221,Lost
13053,96,1,127.65000000000002,2,2,1,221,Lost
16928,134,2,127.2,1,4,1,141,At Risk
13169,36,1,127.2,4,2,1,421,New Customers
14180,2,2,126.5,5,4,1,541,Loyal Customers
14751,158,2,126.45,1,4,1,141,At Risk
13794,21,1,126.03000000000002,4,2,1,421,New Customers
16925,14,1,125.65000000000002,5,2,1,521,New Customers
15731,28,1,125.29999999999998,4,2,1,421,New Customers
14726,129,1,124.75,1,2,1,121,Lost
12773,38,1,124.25,3,2,1,321,Needs Attention
18000,38,1,124.25,3,2,1,321,Needs Attention
13545,19,1,124.13999999999996,4,2,1,421,New Customers
15927,121,1,123.39000000000004,1,2,1,121,Lost
13103,51,1,123.34,3,2,1,321,Needs Attention
15184,198,1,123.19,1,2,1,121,Lost
12844,68,1,123.03,2,2,1,221,Lost
16068,68,1,122.93000000000004,2,2,1,221,Lost
12969,77,1,122.45,2,2,1,221,Lost
17298,116,1,122.02,2,2,1,221,Lost
15872,24,1,121.54,4,2,1,421,New Customers
16932,45,1,121.48000000000005,3,2,1,321,Needs Attention
14884,143,1,120.6,1,2,1,121,Lost
18281,52,1,120.32,3,2,1,321,Needs Attention
15503,201,1,120.06000000000002,1,2,1,121,Lost
17543,24,1,120.05,4,2,1,421,New Customers
14483,211,1,120.0,1,2,1,121,Lost
15008,112,1,120.0,2,2,1,221,Lost
14241,170,1,120.0,1,2,1,121,Lost
14704,98,1,119.84,2,2,1,221,Lost
14069,36,1,119.62,4,2,1,421,New Customers
14838,211,1,119.1,1,2,1,121,Lost
15197,202,1,117.96,1,2,1,121,Lost
14115,141,1,117.8,1,2,1,121,Lost
16291,156,1,117.72,1,2,1,121,Lost
17235,27,1,117.33,4,2,1,421,New Customers
17358,127,1,117.22,1,2,1,121,Lost
14762,100,1,117.05,2,2,1,221,Lost
12990,94,1,117.0,2,2,1,221,Lost
13238,64,1,117.0,3,2,1,321,Needs Attention
17266,115,1,116.68,2,2,1,221,Lost
14874,9,1,116.18,5,2,1,521,New Customers
18042,16,1,116.1,5,2,1,521,New Customers
16185,39,1,115.31,3,2,1,321,Needs Attention
18012,197,1,115.29999999999998,1,2,1,121,Lost
17785,39,1,115.25,3,2,1,321,Needs Attention
14039,50,1,115.08,3,2,1,321,Needs Attention
15352,23,1,114.94999999999996,4,2,1,421,New Customers
17898,41,1,114.88000000000002,3,2,1,321,Needs Attention
17401,15,1,114.85,5,2,1,521,New Customers
15905,17,1,114.69,4,2,1,421,New Customers
17933,106,1,114.69,2,2,1,221,Lost
17322,211,1,114.55000000000004,1,2,1,121,Lost
14494,205,1,114.3,1,2,1,121,Lost
18148,121,1,114.1,1,2,1,121,Lost
14998,79,1,113.49,2,2,1,221,Lost
16372,81,1,113.45000000000002,2,2,1,221,Lost
16218,35,1,113.2,4,2,1,421,New Customers
17784,24,1,112.86,4,2,1,421,New Customers
18101,148,1,112.5,1,2,1,121,Lost
13620,2,1,112.34000000000002,5,2,1,521,New Customers
15938,31,1,112.24,4,2,1,421,New Customers
14750,210,1,112.03,1,2,1,121,Lost
14166,100,1,111.95000000000002,2,2,1,221,Lost
16864,73,1,111.72,2,2,1,221,Lost
15875,120,1,111.72,1,2,1,121,Lost
16547,20,1,111.71,4,2,1,421,New Customers
17304,8,1,111.5,5,2,1,521,New Customers
14963,0,1,111.21,5,2,1,521,New Customers
16064,199,1,111.00000000000004,1,2,1,121,Lost
14464,42,2,111.0,3,4,1,341,Loyal Customers
12692,111,1,110.95,2,2,1,221,Lost
14509,8,1,110.95,5,2,1,521,New Customers
14279,155,1,110.5,1,2,1,121,Lost
15451,73,1,110.26,2,2,1,221,Lost
16385,105,1,110.26,2,2,1,221,Lost
15851,1,1,109.73,5,2,1,521,New Customers
14033,29,1,109.44,4,2,1,421,New Customers
16664,43,1,109.2,3,2,1,321,Needs Attention
16827,43,2,109.0,3,4,1,341,Loyal Customers
13129,4,1,108.75,5,2,1,521,New Customers
14818,121,1,108.5,1,2,1,121,Lost
15659,127,1,108.44,1,2,1,121,Lost
14374,15,1,108.0,5,2,1,521,New Customers
16332,63,1,107.75,3,2,1,321,Needs Attention
14943,137,1,107.62,1,2,1,121,Lost
16301,211,1,107.33,1,2,1,121,Lost
16047,156,1,107.14,1,2,1,121,Lost
16666,95,1,106.96000000000002,2,2,1,221,Lost
16082,144,1,106.75,1,2,1,121,Lost
14637,151,1,106.68,1,2,1,121,Lost
18103,23,1,105.8,4,2,1,421,New Customers
15642,204,1,105.78000000000004,1,2,1,121,Lost
15340,36,1,105.5,4,2,1,421,New Customers
17328,147,1,104.7,1,2,1,121,Lost
16907,19,1,104.64999999999998,4,2,1,421,New Customers
17217,93,1,104.5,2,2,1,221,Lost
12897,18,1,104.15,4,2,1,421,New Customers
16896,29,1,103.95000000000005,4,2,1,421,New Customers
13487,209,1,103.95,1,2,1,121,Lost
15924,205,1,102.82,1,2,1,121,Lost
15486,1,1,102.0,5,2,1,521,New Customers
18063,107,1,102.0,2,2,1,221,Lost
13145,74,1,102.0,2,2,1,221,Lost
17325,116,1,101.9,2,2,1,221,Lost
14693,4,1,101.8,5,2,1,521,New Customers
17812,4,1,101.4,5,2,1,521,New Customers
16944,84,1,101.36,2,2,1,221,Lost
16524,165,1,101.3,1,2,1,121,Lost
15921,115,1,100.18,2,2,1,221,Lost
12774,10,1,98.7,5,2,1,521,New Customers
16694,197,1,98.3,1,2,1,121,Lost
16356,26,2,98.3,4,4,1,441,Loyal Customers
14486,28,1,97.5,4,2,1,421,New Customers
15852,1,1,96.55,5,2,1,521,New Customers
13793,121,1,96.0,1,2,1,121,Lost
15403,204,1,95.76000000000002,1,2,1,121,Lost
13302,1,1,95.45,5,2,1,521,New Customers
16521,122,1,95.12000000000002,1,2,1,121,Lost
15868,57,1,94.53,3,2,1,321,Needs Attention
14394,39,1,93.8,3,2,1,321,Needs Attention
15305,29,1,93.6,4,2,1,421,New Customers
12992,199,1,93.35,1,2,1,121,Lost
15082,143,1,93.35,1,2,1,121,Lost
12829,24,1,92.3,4,2,1,421,New Customers
16831,39,1,91.8,3,2,1,321,Needs Attention
13773,134,1,91.4,1,2,1,121,Lost
16234,36,1,91.36,4,2,1,421,New Customers
13392,151,1,91.14,1,2,1,121,Lost
14786,24,1,90.96,4,2,1,421,New Customers
16974,39,1,89.25,3,2,1,321,Needs Attention
12789,168,1,89.25,1,2,1,121,Lost
17705,51,1,88.7,3,2,1,321,Needs Attention
13222,51,1,88.5,3,2,1,321,Needs Attention
16564,43,1,87.79999999999998,3,2,1,321,Needs Attention
17606,211,1,87.30000000000001,1,2,1,121,Lost
13180,81,1,86.1,2,2,1,221,Lost
14347,211,1,82.60000000000001,1,2,1,121,Lost
13469,127,1,82.4,1,2,1,121,Lost
16028,70,1,82.2,2,2,1,221,Lost
13573,111,1,81.85,2,2,1,221,Lost
15888,1,1,81.75,5,2,1,521,New Customers
13700,142,2,81.55000000000001,1,4,1,141,At Risk
15958,25,1,81.44999999999999,4,2,1,421,New Customers
14717,207,1,81.3,1,2,1,121,Lost
14228,21,1,81.05,4,2,1,421,New Customers
15847,116,1,80.62,2,2,1,221,Lost
15833,212,1,80.4,1,2,1,121,Lost
14190,140,1,79.9,1,2,1,121,Lost
13403,197,1,78.6,1,2,1,121,Lost
18037,24,8,78.10000000000001,4,5,1,451,Loyal Customers
16628,116,1,78.0,2,2,1,221,Lost
17192,10,1,77.83,5,2,1,521,New Customers
12570,156,1,77.52,1,2,1,121,Lost
13582,92,1,77.5,2,2,1,221,Lost
16867,164,1,76.74,1,2,1,121,Lost
14613,154,1,76.32000000000001,1,3,1,131,At Risk
13219,92,1,76.23,2,3,1,231,At Risk
13739,2,1,75.3,5,3,1,531,Loyal Customers
15256,36,1,71.95,4,3,1,431,Loyal Customers
16459,204,1,71.78999999999999,1,3,1,131,At Risk
16970,100,1,71.4,2,3,1,231,At Risk
17763,127,3,71.15,1,4,1,141,At Risk
12568,119,1,70.0,2,3,1,231,At Risk
17181,70,1,69.93,2,3,1,231,At Risk
14707,51,1,69.6,3,3,1,331,Loyal Customers
12861,94,1,68.25,2,3,1,231,At Risk
18002,93,2,67.72,2,4,1,241,At Risk
15779,6,1,67.38,5,3,1,531,Loyal Customers
16601,97,1,67.25,2,3,1,231,At Risk
14119,192,1,66.48,1,3,1,131,At Risk
17216,28,1,65.05000000000001,4,3,1,431,Loyal Customers
16583,148,1,64.5,1,3,1,131,At Risk
14083,196,1,64.17,1,3,1,131,At Risk
15470,50,1,63.42,3,3,1,331,Loyal Customers
12404,156,1,63.24,1,3,1,131,At Risk
15741,93,1,63.150000000000006,2,3,1,231,At Risk
14650,63,1,62.5,3,3,1,331,Loyal Customers
15375,164,1,60.96,1,3,1,131,At Risk
16605,198,1,60.48,1,3,1,131,At Risk
15250,115,1,60.0,2,3,1,231,At Risk
17330,19,2,59.900000000000006,4,4,1,441,Loyal Customers
17816,132,2,59.55,1,4,1,141,At Risk
15371,136,1,59.400000000000006,1,3,1,131,At Risk
18174,78,1,58.5,2,3,1,231,At Risk
15287,212,1,58.2,1,3,1,131,At Risk
12466,156,1,56.73,1,3,1,131,At Risk
12776,142,1,55.5,1,3,1,131,At Risk
12860,167,1,55.47,1,3,1,131,At Risk
12496,94,2,54.09,2,4,1,241,At Risk
16330,137,1,51.43,1,3,1,131,At Risk
14495,134,1,51.0,1,3,1,131,At Risk
14743,67,1,50.48,3,3,1,331,Loyal Customers
15094,118,1,50.0,2,3,1,231,At Risk
14380,156,1,48.96,1,3,1,131,At Risk
16530,142,1,48.35,1,3,1,131,At Risk
13438,21,1,46.5,4,3,1,431,Loyal Customers
15698,98,1,46.2,2,3,1,231,At Risk
15775,106,1,45.6,2,3,1,231,At Risk
15672,199,1,45.3,1,3,1,131,At Risk
17193,212,1,45.0,1,3,1,131,At Risk
17916,103,2,43.870000000000005,2,4,1,241,At Risk
14616,23,1,42.5,4,3,1,431,Loyal Customers
17741,35,1,41.400000000000006,4,3,1,431,Loyal Customers
17847,119,1,40.65,2,3,1,231,At Risk
15603,122,1,40.0,1,3,1,131,At Risk
15903,169,1,39.8,1,3,1,131,At Risk
15512,150,1,39.0,1,3,1,131,At Risk
17246,21,2,38.92,4,4,1,441,Loyal Customers
15455,72,1,38.25,2,3,1,231,At Risk
15488,57,1,37.98,3,3,1,331,Loyal Customers
15693,133,1,37.5,1,3,1,131,At Risk
17352,170,1,36.25,1,3,1,131,At Risk
14993,37,1,36.13,4,3,1,431,Loyal Customers
16691,35,1,35.879999999999995,4,3,1,431,Loyal Customers
12925,67,1,35.28,3,3,1,331,Loyal Customers
15564,150,1,35.04,1,3,1,131,At Risk
17536,157,1,34.78,1,3,1,131,At Risk
17557,207,1,34.0,1,3,1,131,At Risk
16941,86,1,33.0,2,3,1,231,At Risk
14977,200,1,31.93,1,3,1,131,At Risk
14865,212,1,31.200000000000003,1,3,1,131,At Risk
14819,192,1,30.64,1,3,1,131,At Risk
17753,176,1,30.45,1,3,1,131,At Risk
16548,73,1,30.15,2,3,1,231,At Risk
15575,93,1,30.1,2,3,1,231,At Risk
17319,143,1,29.1,1,3,1,131,At Risk
15702,156,1,27.82,1,3,1,131,At Risk
17278,39,1,25.2,3,3,1,331,Loyal Customers
16454,81,2,24.05,2,4,1,241,At Risk
16537,115,1,23.35,2,3,1,231,At Risk
12606,156,1,21.0,1,3,1,131,At Risk
13112,15,1,20.6,5,3,1,531,Loyal Customers
15999,210,1,20.4,1,3,1,131,At Risk
16535,154,1,20.0,1,3,1,131,At Risk
13666,210,1,19.5,1,3,1,131,At Risk
13163,84,1,17.65,2,3,1,231,At Risk
17889,93,1,16.439999999999998,2,3,1,231,At Risk
17771,63,1,16.0,3,3,1,331,Loyal Customers
14191,203,1,15.9,1,3,1,131,At Risk
12846,156,1,15.58,1,3,1,131,At Risk
17040,24,1,13.52,4,3,1,431,Loyal Customers
17960,116,1,10.9,2,3,1,231,At Risk
14075,15,1,10.0,5,3,1,531,Loyal Customers
18115,172,1,9.7,1,3,1,131,At Risk
15777,43,1,9.3,3,3,1,331,Loyal Customers
15040,16,1,7.49,5,3,1,531,Loyal Customers
13277,14,1,6.9,5,3,1,531,Loyal Customers
15913,8,1,6.300000000000001,5,3,1,531,Loyal Customers
17327,37,1,4.25,4,3,1,431,Loyal Customers
14095,196,1,2.95,1,3,1,131,At Risk
13584,150,1,1.3,1,3,1,131,At Risk
